학교종류명,설립구분,표준학교코드,학교명,영문학교명,관할조직명,도로명우편번호,도로명주소,도로명상세주소,전화번호,홈페이지주소,팩스번호,남녀공학구분명,고등학교구분명,산업체특별학급존재여부,고등학교일반실업구분명,특수목적고등학교계열명,입시전후기구분명,주야구분명,설립일자,개교기념일,시도교육청코드,시도교육청명,소재지명,주야과정,계열명,학과명,적재일시,위도,경도
각종학교(고),사립,7041275,지구촌학교 고등학교,Global School,서울특별시남부교육지원청,8358,서울특별시 구로구 오리로 1189,"(오류동, 금강프라자)",02-6910-1004,http://globalsarang.sen.sc.kr,02-6910-1073,남여공학,,N,,,전기,주간,20230301,20111115,B10,서울특별시교육청,서울특별시,주간,일반계,일반학과,20230615,,
고등학교,사립,7011586,동국대학교사범대학부속가람고등학교,"Girls High School Attached To College Of Education, Dongguk University",서울특별시교육청,5038,서울특별시 광진구 광나루로36길 47,동국대학교사범대학부속가람고등학교,0220491577,garam.sen.hs.kr,0220491588,남여공학,일반고,N,일반계,,후기,주간,19300620,19300620,B10,서울특별시교육청,서울특별시,주간,일반계,일반학과,20250302,,
고등학교,공립,7011585,서울디지털콘텐츠고등학교,Seoul Digital Content High School,서울특별시교육청,7514,서울특별시 강서구 방화대로47길 9,"(방화동,서울디지털콘텐츠고등학교)",02-2666-2106,https://sdcont.sen.hs.kr/,02-2666-2161,남여공학,특성화고,N,전문계,,전기,주간,19940105,19940105,B10,서울특별시교육청,서울특별시,주간,공업계,웹디자인과,20230615,,
고등학교,사립,7011584,서울백영고등학교,SEOUL BAEKYOUNG HIGH SCHOOL,서울특별시교육청,7597,서울특별시 강서구 방화대로34길 13,(방화동),02-2665-5900,http://sby.sen.hs.kr,02-2666-0065,남여공학,특성화고,N,전문계,,전기,주간,19870109,19870605,B10,서울특별시교육청,서울특별시,주간,상업계,사이버정보통신과,20230615,,
각종학교(고),공립,7011583,서울온라인학교,Seoul Online School,서울특별시교육청,4764,서울특별시 성동구 왕십리로 199,(행당동),02-399-9786,http://,,남여공학,일반고,N,해당없음,,전후기,주간,20250301,20250301,B10,서울특별시교육청,서울특별시,주간,일반계,일반학과,20241013,,
고등학교,공립,7011575,서울반도체고등학교,Seoul Semiconductor high school,서울특별시교육청,2511,서울특별시 동대문구 겸재로 21,", 서울반도체고등학교 (휘경동)",02-2230-9885,https://ssc.sen.hs.kr/,02-2216-3646,남여공학,특성화고,N,전문계,,전기,주간,19971220,19980702,B10,서울특별시교육청,서울특별시,주간,공업계,건설교통과,20230615,,
고등학교,사립,7011569,미림마이스터고등학교,Mirim Meister High School,서울특별시교육청,8821,서울특별시 관악구 호암로 546,미림마이스터고등학교,02-872-4071,http://www.e-mirim.hs.kr,02-887-0856,남여공학,특목고,N,전문계,산업수요 맞춤형 고등학교,전기,주간,19910301,19910531,B10,서울특별시교육청,서울특별시,주간,공업계,게임애니메이션과,20240310,,
고등학교,사립,7011568,염광메디텍고등학교,Yumkwang Meditech High School,서울특별시교육청,1874,서울특별시 노원구 월계로45가길 9,", 염광메디텍고등학교 (월계동)",02-994-3105,http://ykm.sen.hs.kr,02-903-2813,남여공학,특성화고,N,전문계,,전기,주간,19680301,19680301,B10,서울특별시교육청,서울특별시,주간,특성화,메디컬스킨케어과,20240303,,
고등학교,공립,7011558,서울웹툰애니메이션고등학교,Seoul Webtoon Animation High School,서울특별시교육청,6761,서울특별시 서초구 과천대로 852-23,(방배동),02-6011-4100,https://swas.sen.hs.kr,02-597-9693,남여공학,특성화고,N,전문계,,전기,주간,19940105,19940506,B10,서울특별시교육청,서울특별시,주간,특성화,컴퓨터네트워크과,20230615,37.4695966,126.9885142
고등학교,공립,7011540,솔샘고등학교,Solsaem High School,서울특별시교육청,1190,서울특별시 강북구 인수봉로 39,/ 솔샘고등학교,02-982-6104,http://solsaem.sen.hs.kr,02-982-6106,남여공학,자율고,N,일반계,,후기,주간,20090301,20090610,B10,서울특별시교육청,서울특별시,주간,일반계,자연과정,20230615,,
고등학교,사립,7011539,서울동구고등학교,SEOUL DONGGOO HIGH SCHOOL,서울특별시교육청,2834,서울특별시 성북구 성북로8길 71,/ 동구마케팅고등학교 (성북동),02-762-1301,donggoo.sen.hs.kr,02-747-6525,남여공학,특성화고,N,전문계,,전기,주간,19420617,19420617,B10,서울특별시교육청,서울특별시,주간,상업계,글로벌마케팅과,20240324,37.5931469,127.0067482
고등학교,사립,7011513,서울정화고등학교,Seoul Jeonghwa High School,서울특별시교육청,2480,서울특별시 동대문구 홍릉로15길 50,(제기동)정화여자상업고등학교,02-960-1495,http://jeonghwa.sen.hs.kr,02-965-9155,여,특성화고,N,전문계,,전기,주간,19080901,19080901,B10,서울특별시교육청,서울특별시,주간,상업계,병원사무관리과,20230615,,
고등학교,사립,7011508,선일빅데이터고등학교,SUNIL BIGDATA HIGHSCHOOL,서울특별시교육청,3322,서울특별시 은평구 갈현로29길 27,/ 선일빅데이터고등학교 (갈현동),02-355-5648,https://bigdata.sen.hs.kr/,02-354-0935,여,특성화고,N,전문계,,전기,주간,19850108,19850311,B10,서울특별시교육청,서울특별시,주간,특성화,전자상거래콘텐츠과,20230615,,
고등학교,사립,7011507,대경생활과학고등학교,Daekyeong Life Science High School,서울특별시교육청,4592,서울특별시 중구 매봉18길 111,(신당동),02-2235-5155,http://daekyeong.sen.hs.kr,02-2237-9142,남여공학,특성화고,N,전문계,,전기,주간,19560228,19560416,B10,서울특별시교육청,서울특별시,주간,상업계,정보처리과,20230615,,
고등학교,사립,7011506,서울매그넷고등학교,Seoul Magnet High School,서울특별시교육청,8656,서울특별시 금천구 탑골로10길 45,(시흥동/ 동일여자상업고등학교),02-807-6333,seoulmagnet.sen.hs.kr,02-804-9040,여,특성화고,N,전문계,,전기,주간,19870112,19870303,B10,서울특별시교육청,서울특별시,주간,상업계,사이버비즈니스과,20230615,37.4515286,126.9173972
고등학교,사립,7011505,광운인공지능고등학교,Kwangwoon Artificial Intelligence High School,서울특별시교육청,1890,서울특별시 노원구 광운로1길 24,(월계동/광운중학교/전자공업고등학교),02-918-7761,http://kwangwoon.sen.hs.kr,02-917-5091,남여공학,특성화고,N,전문계,,전기,주간,19340520,19340520,B10,서울특별시교육청,서울특별시,주간,공업계,전자과(2·1),20231001,,
고등학교,공립,7011498,서울인공지능고등학교,SEOUL ARTIFICIAL INTELLIGENCE HIGHSCHOOL,서울특별시교육청,5771,서울특별시 송파구 양산로 21,(거여동),02-6711-0508/0595,https://seoulai.sen.hs.kr,02-6711-0599,남여공학,특성화고,N,전문계,,전기,주간,19910301,19910301,B10,서울특별시교육청,서울특별시,주간,공업계,전기에너지과,20230615,37.491688,127.1426331
고등학교,공립,7011495,용산철도고등학교,Yongsan Railroad High School,서울특별시교육청,4388,서울특별시 용산구 서빙고로 24,(한강로3가/ 용산철도고등학교),02-6905-7777,https://yongsan-th.sen.hs.kr,02-6905-7890,남여공학,특성화고,N,전문계,,전기,주간,19630518,19630518,B10,서울특별시교육청,서울특별시,주간,공업계,철도차량과,20230615,37.5244642,126.967314
고등학교,사립,7011494,서울동산고등학교,Seoul Dongsan High School,서울특별시교육청,1832,서울특별시 노원구 공릉로 257,(공릉동),02-971-0903,http://seouldongsan.sen.hs.kr,02-973-3052,남여공학,특성화고,N,전문계,,전기,주간,19680302,19680429,B10,서울특별시교육청,서울특별시,주간,가사계,영유아보육과,20230615,,
고등학교,사립,7011493,인덕과학기술고등학교,Induk Science and Technology High School,서울특별시교육청,1878,서울특별시 노원구 초안산로 12,/ 인덕과학기술고등학교 (월계동/ 인덕대학교/인덕공업고등학교),02-902-2060,http://induk.sen.hs.kr,02-996-9278,남여공학,특성화고,N,전문계,,전기,주간,19631214,19631214,B10,서울특별시교육청,서울특별시,주간,공업계,컴퓨터응용기계과,20230615,37.6320002,127.0562374
고등학교,사립,7011492,서울신정고등학교,Seoul Shinjeong High School,서울특별시교육청,7736,서울특별시 강서구 등촌로13아길 20,(화곡동/ 서울신정고등학교),02-2644-3543,http://shinjeong.sen.hs.kr,02-2644-0021,여,특성화고,N,전문계,,전기,주간,19780130,19780130,B10,서울특별시교육청,서울특별시,주간,상업계,관광서비스과,20230615,37.5385354,126.857114
고등학교,사립,7011491,서일문화예술고등학교,SEOIL CULTURE  ARTS HIGH SCHOOL,서울특별시교육청,3094,서울특별시 종로구 지봉로17길 49,(창신동),02-763-5863,http://seoil.sen.hs.kr,02-765-8573,남여공학,특성화고,N,전문계,,전기,주간,19661208,19690715,B10,서울특별시교육청,서울특별시,주간,상업계,서비스마케팅과,20230615,,
고등학교,사립,7011490,동명생활경영고등학교,Dongmyung Career and Business High School,서울특별시교육청,3390,서울특별시 은평구 통일로 793,(대조동),02-383-2628,http://dmgcab.sen.hs.kr/,02-389-5011,여,특성화고,N,전문계,,전기,주간,19210603,19210603,B10,서울특별시교육청,서울특별시,주간,상업계,정보처리과,20230615,37.6139998,126.9231395
고등학교,사립,7011489,단국대학교부속소프트웨어고등학교,Dankook University Software High School,서울특별시교육청,6278,서울특별시 강남구 도곡로64길 21,(대치동 1013),02-2116-0115,http://dankook.sen.hs.kr,02-2116-0176,남,특성화고,N,전문계,,전기,주간,19410525,19501103,B10,서울특별시교육청,서울특별시,주간,공업계,전자기계과,20230615,37.4955653,127.0576741
고등학교,사립,7011488,광신방송예술고등학교,KWANGSHIN BROADCASTING ARTS HIGH SCHOOL,서울특별시교육청,8847,서울특별시 관악구 광신길 141,(신림동/ 광신방송예술고등학교),02-881-8612,http://ksmedia.sen.hs.kr,02-881-8637,남여공학,특성화고,N,전문계,,전기,주간,19051010,19051010,B10,서울특별시교육청,서울특별시,주간,상업계,그래픽디자인과,20230629,37.4655404,126.9242544
고등학교,사립,7011487,고명외식고등학교,Komyung Food Service High School,서울특별시교육청,2828,서울특별시 성북구 북악산로 870,(돈암동),02-928-8366,http://komyung.sen.hs.kr,02-924-6059,남여공학,특성화고,N,전문계,,전기,주간,19560221,19500520,B10,서울특별시교육청,서울특별시,주간,상업계,경영정보과,20240324,,
고등학교,사립,7011486,서울의료보건고등학교,Seoul Medical Healthcare High School,서울특별시교육청,4502,서울특별시 중구 만리재로37길 30,(만리동1가),02-392-6666,http://smh.sen.hs.kr,02-392-2233,여,특성화고,N,전문계,,전기,주간,19710531,19921002,B10,서울특별시교육청,서울특별시,주간,상업계,보건경영과,20230615,,
고등학교,사립,7011482,영락의료과학고등학교,YOUNGNAK MEDICAL-SCIENCE HIGH SCHOOL,서울특별시교육청,8831,서울특별시 관악구 청룡16길 25,(봉천동/ 서울영락고등학교/ 영락의료과학고등학교),02-884-1004,http://youngnak-c.sen.hs.kr,02-876-2708,남여공학,특성화고,N,전문계,,전기,주간,19520610,19590409,B10,서울특별시교육청,서울특별시,주간,상업계,정보처리과,20230615,37.4765939,126.9448151
외국인학교,사립,7011469,덜위치칼리지서울영국학교,Dulwich College Seoul British School,서울특별시교육청,6504,서울특별시 서초구 신반포로15길 6,(반포동),02-3015-8500,http://www.dulwich-seoul.kr,02-501-9748,남여공학,,N,,,전기,주간,20101020,20101020,B10,서울특별시교육청,서울특별시,,,,20230615,,
고등학교,사립,7011457,풍문고등학교,Poongmoon High School,서울특별시교육청,6373,서울특별시 강남구 자곡로 152,(자곡동),02-3451-8800,http://poongmoon.sen.hs.kr,02-732-4536,남여공학,일반고,N,일반계,,후기,주간,19440410,19440410,B10,서울특별시교육청,서울특별시,주간,일반계,인문사회과정(여),20230615,37.4714253,127.1007248
각종학교(고),공립,7011320,서울다솜관광고등학교,Seoul Dasom Tourism High School,서울특별시교육청,3114,서울특별시 종로구 종로58길 30,(숭인동),02-6743-0501,http://sds.sen.hs.kr,02-2556-2261,남여공학,특성화고,N,일반계,,전기,주간,20120301,20120301,B10,서울특별시교육청,서울특별시,주간,통합계,관광콘텐츠과,20230627,37.5720242,127.0175844
고등학교,공립,7011319,금호고등학교,GeumhoHighSchool,서울특별시교육청,4727,서울특별시 성동구 금호로 118,(금호동1가),02-2022-0800,http://geumho.sen.hs.kr,02-2022-0840,남여공학,일반고,N,일반계,,전기,주간,20170301,20170522,B10,서울특별시교육청,서울특별시,주간,일반계,일반학과,20230615,37.5534687,127.0237799
고등학교,공립,7011318,도선고등학교,DOSUN HIGH SCHOOL,서울특별시교육청,4701,서울특별시 성동구 마장로 156,(하왕십리동),02-2292-8175,http://dosun.sen.hs.kr,02-2292-7556,남여공학,일반고,N,일반계,,전기,주간,20170301,20170524,B10,서울특별시교육청,서울특별시,주간,일반계,일반학과,20230615,37.5665876,127.0270214
각종학교(고),공립,7011317,금천문화예술정보학교,GEUMCHEON SCHOOL OF ARTS & INFORMATION,서울특별시교육청,8548,서울특별시 금천구 남부순환로126길 25,/ 금천문화예술정보학교 (독산동),02-2039-9910,http://geumcheon.sc.kr/,02-2039-9872,남여공학,일반고,N,전문계,,전기,주간,20170301,20170504,B10,서울특별시교육청,서울특별시,주간,일반계,일반학과,20230705,37.4787212,126.9039113
고등학교,사립,7011316,신진과학기술고등학교,SHINJIN SCIENCE TECHNOLOGY HIGH SCHOOL,서울특별시교육청,3453,서울특별시 은평구 은평로6길 16,(응암동/학교법인신진학원),02-385-3451,http://shinjin.sen.hs.kr,02-383-3481,남여공학,특성화고,N,전문계,,전기,주간,19700130,19700316,B10,서울특별시교육청,서울특별시,주간,공업계,건설정보과,20230615,37.598061,126.9207027
고등학교,사립,7011315,선정국제관광고등학교,Sunjung International Tourism High School,서울특별시교육청,3327,서울특별시 은평구 서오릉로20길 19,/ 선정국제관광고등학교 (갈현동),02-3156-1600,http://sjt.sen.hs.kr,02-352-5073,남여공학,특성화고,N,전문계,,전기,주간,19941005,19500522,B10,서울특별시교육청,서울특별시,주간,특성화,국제의료관광간호과,20230615,,
고등학교,사립,7011312,계성고등학교,Gyeseong High School,서울특별시교육청,2720,서울특별시 성북구 길음로 63,/ 계성고등학교 (길음동),02-728-6100,gyeseong.sen.hs.kr,02-776-7086,남여공학,일반고,N,일반계,,후기,주간,19440908,19440908,B10,서울특별시교육청,서울특별시,주간,일반계,공통과정,20230615,37.6075246,127.0203671
각종학교(고),공립,7011310,오디세이학교,Odyssey School,서울특별시교육청,3114,서울특별시 종로구 종로58길 30,(숭인동),02-2256-4120,http://odyssey.hs.kr,02-2256-6741,남여공학,일반고,N,해당없음,,전기,주간,20150526,20150526,B10,서울특별시교육청,서울특별시,주간,일반계,공통과정,20250323,,
각종학교(고),사립,7011216,서울실용음악고등학교,Seoul Music High School,서울특별시교육청,4578,서울특별시 중구 퇴계로88가길 8,(신당동/서울실용음악고등학교),02-2231-5210,http://www.seoulmusic.hs.kr,02-2231-2543,남여공학,특성화고,N,전문계,,전기,주간,20090301,20090911,B10,서울특별시교육청,서울특별시,주간,전문계,실용음악과,20231015,,
고등학교,사립,7011213,서울컨벤션고등학교,SEOUL CONVENTION HIGH SCHOOL,서울특별시교육청,5225,서울특별시 강동구 동남로 964,/ 서울컨벤션고등학교 (고덕동),02-3427-7400,http://seoul-chs.sen.hs.kr,02-3427-7711,남여공학,특성화고,N,전문계,,전기,주간,19611215,19611215,B10,서울특별시교육청,서울특별시,주간,상업계,이-비즈니스과,20230615,37.559295,127.1579035
각종학교(고),공립,7011208,서초문화예술정보학교,Seocho School of Cultural Arts & Information,서울특별시교육청,6728,서울특별시 서초구 남부순환로347길 69,(서초동),02-3488-5200,http://seocho.sen.sc.kr,02-3486-6276,남여공학,특성화고,N,전문계,예술계열,전기,주간,20140101,20140415,B10,서울특별시교육청,서울특별시,주간,통합계,조리아트과,20230627,37.4877166,127.0297542
각종학교(고),공립,7011207,은평문화예술정보학교,Eunpyeong School of Cultural Arts & Information,서울특별시교육청,3470,서울특별시 은평구 가좌로 208,/ 은평문화예술정보학교 (응암동/ 은평문화예술정보학교),02-3152-5700,http://ep.sc.kr,02-3152-5740,남여공학,,N,전문계,,전기,주간,20131226,20140301,B10,서울특별시교육청,서울특별시,주간,통합계,헤어메이크업과,20230615,37.5888445,126.9186553
외국인학교,사립,7011189,서울드와이트외국인학교,Dwight International School Seoul,서울특별시교육청,3919,서울특별시 마포구 월드컵북로62길 21,(상암동),02-6920-8600,http://www.dwight.or.kr/,02-6920-8700,남여공학,,N,,,전기,주간,20120820,20120820,B10,서울특별시교육청,서울특별시,,,,20230615,37.5841664,126.8848767
고등학교,사립,7011186,대일관광고등학교,Daeil Tourism High School,서울특별시교육청,8051,서울특별시 양천구 신정이펜1로 11,/ 대일관광고등학교 (신정동/ 대일관광고등학교),070-4377-8871,http://daeil-tour.sen.hs.kr,02-2603-7361,여,특성화고,N,전문계,,전기,주간,19800926,19800926,B10,서울특별시교육청,서울특별시,주간,가사실업계,공통과정,20230615,37.5110811,126.835264
고등학교,사립,7011184,예림디자인고등학교,Yerim Design High School,서울특별시교육청,8248,서울특별시 구로구 오리로21길 2,(궁동/예림디자인고등학교),02-2617-2333,http://yerim.sen.hs.kr,02-2615-5415,여,특성화고,N,전문계,,전기,주간,19651205,20211205,B10,서울특별시교육청,서울특별시,주간,상업계,게임그래픽디자인과,20230615,37.5000741,126.8274101
고등학교,공립,7011180,서울도시과학기술고등학교,Seoul Urban Science Technical High School,서울특별시교육청,2736,서울특별시 성북구 종암로 196,(하월곡동/서울도시과학기술고등학교),02-940-2500,http://www.sust.hs.kr,02-940-2508,남여공학,특목고,N,전문계,산업수요 맞춤형 고등학교,전기,주간,19640108,19640108,B10,서울특별시교육청,서울특별시,주간,공업계,기계과,20230615,37.607354,127.0325039
고등학교,사립,7011179,성덕고등학교,Seongdeok High School,서울특별시교육청,5306,서울특별시 강동구 구천면로 396,(천호동),02-475-4620,http://ssd.hs.kr,02-3784-6939,남여공학,일반고,N,일반계,,후기,주간,19760601,19770905,B10,서울특별시교육청,서울특별시,주간,일반계,공통과정,20230615,37.5499209,127.142208
고등학교,공립,7011169,가재울고등학교,Gajaeul High School,서울특별시교육청,3709,서울특별시 서대문구 수색로 100-35,(북가좌동),02-6351-0500,http://www.gajaeul.hs.kr,02-307-6605,남여공학,일반고,N,일반계,,후기,주간,20130301,20130501,B10,서울특별시교육청,서울특별시,주간,일반계,공통과정,20230615,37.5740782,126.9095732
평생학교(고)-2년6학기,사립,7011150,학력인정 청량정보고등학교(2년제),Cheongryang Information High School,서울특별시교육청,2558,서울특별시 동대문구 답십리로15길 32,(전농동/ 청량정보고등학교),02-2212-3166,http://dreamschool.hs.kr,02-2215-0275,남여공학,특성화고,N,전문계,,전기,주야간,19910213,19910213,B10,서울특별시교육청,서울특별시,주간,상업계,정보처리과,20230629,,
평생학교(고)-3년6학기,사립,7011149,학력인정 한림연예예술고등학교,ACCREDITED HANLIM ARTS HIGH SCHOOL,서울특별시교육청,5792,서울특별시 송파구 충민로 172,(장지동/ 한림연예예술고교),02-409-1021,http://,02-408-1021,남여공학,특성화고,N,전문계,,후기,주간,20081111,20090302,B10,서울특별시교육청,서울특별시,주간,예술계,패션모델과,20230629,,
평생학교(고)-2년6학기,사립,7011148,학력인정 한림실업고등학교(2년제),Hanlim High School,서울특별시교육청,5792,서울특별시 송파구 충민로 172,(장지동/ 한림연예예술고교),02-400-6201,,02-408-1021,남여공학,특성화고,N,전문계,,전기,주야간,19600403,20020101,B10,서울특별시교육청,서울특별시,야간,경영?금융,경영정보과,20230629,,
평생학교(고)-2년6학기,사립,7011144,학력인정 청암고등학교(2년제),Cheong-am High School,서울특별시교육청,1713,서울특별시 노원구 중계로 244,(중계동/청암중고등학교),02-930-5646,www.ca.hs.kr,02-952-4702,남여공학,일반고,N,일반계,,전기,주야간,19791005,19791005,B10,서울특별시교육청,서울특별시,주간,일반계,일반학과,20230629,,
평생학교(고)-2년6학기,사립,7011142,학력인정 진형고등학교(2년제),Jinhyung High School,서울특별시교육청,3115,서울특별시 종로구 종로 386,(숭인동/ 진형빌딩),02-2235-0001,http://jh.ac.kr,02-2235-0013,남여공학,일반고,N,일반계,,전후기,주야간,20051213,20051213,B10,서울특별시교육청,서울특별시,야간,일반계,일반학과,20230629,,
평생학교(고)-2년6학기,사립,7011140,학력인정 일성여자고등학교(2년제),Ilsung Womens’s High School,서울특별시교육청,4134,서울특별시 마포구 마포대로11다길 11-6,(염리동/ 일성여자중고등학교),02-716-0069,http://www.ajummaschool.com,02-718-0615,여,일반고,N,일반계,,전기,주야간,19531113,20001205,B10,서울특별시교육청,서울특별시,야간,일반계,일반학과,20230629,,
평생학교(고)-2년6학기,사립,7011138,학력인정 신동신정보산업고등학교(2년제),Sindongsin Information Industry High School,서울특별시교육청,6998,서울특별시 동작구 동작대로33마길 27-1,(사당동/ 신동신중 정보산업 고등학교),02-599-5586,http://www.dongshinv.hs.kr,02-537-1350,남여공학,,N,전문계,,전기,주야간,19680628,19680628,B10,서울특별시교육청,서울특별시,야간,상업계,정보처리과,20230629,,
평생학교(고)-3년6학기,사립,7011125,학력인정 청량정보고등학교,Cheongryang Information High School,서울특별시교육청,2558,서울특별시 동대문구 답십리로15길 32,(전농동/ 청량정보고등학교),02-2212-3166,http://dreamschool.sen.hs.kr,02-2215-0275,남여공학,특성화고,N,전문계,,전기,주간,19910213,19910213,B10,서울특별시교육청,서울특별시,주간,상업계,관광외식산업과,20230629,,
평생학교(고)-2년6학기,사립,7011122,학력인정 정암미용고등학교(2년제),Jeongarm Beauty High School,서울특별시교육청,2490,서울특별시 동대문구 왕산로 225,(청량리동),02-957-2788,https://jeongarm.sen.hs.kr/,02-962-9186,남여공학,특성화고,N,전문계,,전기,주야간,20040301,20040301,B10,서울특별시교육청,서울특별시,주간,이용미용계,미용과,20230629,,
평생학교(고)-3년6학기,사립,7011120,학력인정 서울자동차고등학교,Seoul Automobile High School,서울특별시교육청,4319,서울특별시 용산구 백범로45길 15,(효창동/ 서울자동차고등학교),02-717-8304,http://www.seoulauto.sen.hs.kr,02-718-4969,남여공학,특성화고,N,전문계,,전기,주야간,20050413,20050413,B10,서울특별시교육청,서울특별시,야간,공업계,자동차정비과,20230627,,
평생학교(고)-3년6학기,사립,7011118,학력인정 신동신중.정보산업고등학교,Sindongsin Information Industry High School,서울특별시교육청,6998,서울특별시 동작구 동작대로33마길 27-1,(사당동/ 신동신중 정보산업 고등학교),02-599-5586,http://www.dongshinv.hs.kr,02-537-1350,남여공학,,N,전문계,,전기,주야간,19680628,19680628,B10,서울특별시교육청,서울특별시,주간,상업계,상업과,20230629,,
고등학교,공립,7011113,휘봉고등학교,HWIBONG High School,서울특별시교육청,2511,서울특별시 동대문구 한천로 290,(휘경동),02-2116-7211,http://hwibong.sen.hs.kr,02-2249-7121,남여공학,일반고,N,일반계,,후기,주간,20120106,20120501,B10,서울특별시교육청,서울특별시,주간,일반계,자연과정,20230615,37.5864562,127.068514
고등학교,공립,7011112,잠일고등학교,Jamil High School,서울특별시교육청,5501,서울특별시 송파구 백제고분로 21,(잠실동),02-2141-2000,http://jamil.sen.hs.kr,02-414-9973,남여공학,일반고,N,일반계,,후기,주간,20120301,20120506,B10,서울특별시교육청,서울특별시,주간,일반계,인문사회과정,20230615,37.5144002,127.0825057
고등학교,공립,7011111,구암고등학교,Guahm High School,서울특별시교육청,8723,서울특별시 관악구 성현로 57,(봉천동/구암고등학교),02-879-9823,http://www.guahm.hs.kr,02-879-1981,남여공학,일반고,N,일반계,,후기,주간,20120301,20120501,B10,서울특별시교육청,서울특별시,주간,일반계,공통과정,20230615,37.4922332,126.9503507
고등학교,국립,7011109,서울대학교사범대학부설고등학교,Seoul National University High School,교육부,2796,서울특별시 성북구 월곡로 6,(종암동),02-913-7305,https://snu.sen.hs.kr/,02-919-5275,남여공학,일반고,N,일반계,,후기,주간,19460901,19461015,B10,서울특별시교육청,서울특별시,주간,일반계,공통과정,20230615,37.5938676,127.0382434
각종학교(고),공립,7011096,꿈타래학교,/,서울특별시교육청,15188,서울특별시 관악구 신림로 67,(신림동/서울산업정보학교),070-6331-1972,http://www.dreamkey.sen.sc.kr/,02-874-0847,남여공학,특성화고,N,일반계,,전기,주간,20030118,20030118,B10,서울특별시교육청,서울특별시,주간,일반계,일반학과,20230627,,
고등학교,사립,7011089,화곡보건경영고등학교,Hwagok Nursing And Business High School,서울특별시교육청,7638,서울특별시 강서구 강서로45길 70,(내발산동/ 화곡보건경영고등학교),070-8644-6300,http://www.hwagok-gii.hs.kr,02-2664-2803,남여공학,특성화고,N,전문계,,전기,주간,19870108,19870916,B10,서울특별시교육청,서울특별시,주간,상업계,공통과정,20240414,37.549159,126.832909
고등학교,사립,7011088,영신간호비즈니스고등학교,YOUNGSHIN NURSING BUSINESSS HIGH SCHOOL,서울특별시교육청,1721,서울특별시 노원구 중계로16나길 13,/ 영신간호비즈니스고등학교 (중계동),02-951-5772,http://youngshin.sen.hs.kr,02-936-5493,여,특성화고,N,전문계,,전기,주간,19921007,19930508,B10,서울특별시교육청,서울특별시,주간,가사계,치의보건간호과,20230615,,
고등학교,사립,7011087,홍익디자인고등학교,Hongik Design High School,서울특별시교육청,3977,서울특별시 마포구 성미산로 111,(연남동),02-3140-1256,http://hid.sen.hs.kr,02-3140-1340,여,특성화고,N,전문계,,전기,주간,19920727,19920727,B10,서울특별시교육청,서울특별시,주간,상업계,관광과,20230615,37.5627149,126.9197285
고등학교,사립,7011085,송곡관광고등학교,Songgok Tourism High School,서울특별시교육청,2057,서울특별시 중랑구 양원역로 67,(망우동),02-432-1837,http://www.sgi.hs.kr,02-433-2183,남여공학,특성화고,N,전문계,,전기,주간,19970902,19980524,B10,서울특별시교육청,서울특별시,주간,상업계,공통과정,20250330,37.6064716,127.1054767
고등학교,사립,7011084,세그루패션디자인고등학교,Segeuru Fashion Design High School,서울특별시교육청,1375,서울특별시 도봉구 시루봉로 53,/ 세그루패션디자인고등학교 (쌍문동),02-993-0211,http://sfd.sen.hs.kr,02-998-7912,여,특성화고,N,전문계,,전기,주간,19741227,19740915,B10,서울특별시교육청,서울특별시,주간,상업계,사이버정보통신과,20230615,37.6558481,127.026867
고등학교,공립,7010985,삼각산고등학교,Samgaksan High School,서울특별시교육청,1199,서울특별시 강북구 삼양로19길 40,(미아동/삼각산고등학교),02-980-2290,http://samgaksan.hs.kr,02-989-6930,남여공학,일반고,N,일반계,,후기,주간,20110301,20110301,B10,서울특별시교육청,서울특별시,주간,일반계,자연과정,20230615,37.6158046,127.0202232
고등학교,공립,7010984,선사고등학교,SUNSA HIGH SCHOOL,서울특별시교육청,5237,서울특별시 강동구 고덕로25길 17,/ 선사고등학교 (암사동),02-426-1749,http://www.sunsa.hs.kr,02-426-1748,남여공학,일반고,N,일반계,,후기,주간,20110301,20110501,B10,서울특별시교육청,서울특별시,주간,일반계,공통과정,20230615,37.5560996,127.1357986
고등학교,공립,7010983,신도고등학교,SINDO HIGH SCHOOL,서울특별시교육청,3312,서울특별시 은평구 통일로 961,(진관동),02-3157-0021,http://www.sindo.hs.kr,02-3157-0035,남여공학,일반고,N,일반계,,후기,주간,20110301,20110301,B10,서울특별시교육청,서울특별시,주간,일반계,자연과정,20230615,37.6290814,126.9184822
각종학교(고),사립,7010966,여명학교,Yeo-Myung School,서울특별시교육청,4630,서울특별시 중구 소파로 99,/ 여명학교 (남산동2가),02-888-1673,http://ymschool.org,02-888-1676,남여공학,일반고,N,일반계,,전기,주간,20100322,20100405,B10,서울특별시교육청,서울특별시,주간,일반계,일반학과,20230627,,
고등학교,사립,7010965,동양고등학교,Dongyang High School,서울특별시교육청,7529,서울특별시 강서구 허준로 50,(가양동/동양고등학교),02-2657-0800,http://www.dongyang.hs.kr,02-3664-9463,남,일반고,N,일반계,,후기,주간,19530519,19530519,B10,서울특별시교육청,서울특별시,주간,공업계,토목과,20230615,37.5688729,126.8475466
고등학교,공립,7010964,서울금융고등학교,Seoul Finance High School,서울특별시교육청,7909,서울특별시 양천구 가로공원로61길 19,/ 서울금융고등학교 (신월동),02-2694-3710,http://www.seoulfc.hs.kr,02-2690-6754,남여공학,특성화고,N,전문계,,전기,주간,19841217,19841217,B10,서울특별시교육청,서울특별시,주간,상업계,사이버금융과,20230615,37.5380744,126.8254639
고등학교,사립,7010962,은평메디텍고등학교,Eunpyeong MediTech High School,서울특별시교육청,3306,서울특별시 은평구 진관2로 57-57,(진관동/은평메디텍고등학교),070-4020-6800,http://www.eunpyeong.hs.kr,02-357-0836,남여공학,특성화고,N,전문계,,전기,주간,19700302,19910807,B10,서울특별시교육청,서울특별시,주간,공업계,건강조리과,20230615,37.6355375,126.9291952
고등학교,사립,7010960,서울아이티고등학교,Seoul Information Technology High School,서울특별시교육청,1773,서울특별시 노원구 섬밭로 299,(중계동/서울아이티고등학교),02-948-1901,http://www.seoulit.hs.kr,02-977-8269,남여공학,특성화고,N,전문계,,전기,주간,19921030,19921030,B10,서울특별시교육청,서울특별시,주간,공업계,스마트웹디자인과,20230615,37.6422184,127.0620082
고등학교,공립,7010959,문현고등학교,MUNHYEON HIGH SCHOOL,서울특별시교육청,5811,서울특별시 송파구 충민로 115,(장지동),02-6951-8702,http://munhyeon.sen.hs.kr,02-3012-0880,남여공학,일반고,N,일반계,,후기,주간,20100301,20100301,B10,서울특별시교육청,서울특별시,주간,일반계,자연과정,20230627,37.4811568,127.1289582
고등학교,공립,7010958,강일고등학교,GANGIL HIGH SCHOOL,서울특별시교육청,5213,서울특별시 강동구 아리수로98길 40,(강일동),02-428-6200,http://www.gang-il.hs.kr,02-428-6810,남여공학,일반고,N,일반계,,후기,주간,20100301,20100404,B10,서울특별시교육청,서울특별시,주간,일반계,공통과정,20230615,37.5637663,127.1778756
고등학교,사립,7010918,하나고등학교,Hana Academy Seoul,서울특별시교육청,3305,서울특별시 은평구 연서로 535,/ 하나고등학교 (진관동),02-6913-1111,http://www.hana.hs.kr,02-6913-1785,남여공학,자율고,N,일반계,,전기,주간,20090821,20091031,B10,서울특별시교육청,서울특별시,주간,일반계,자연과정,20230615,37.6413738,126.9369373
고등학교,공립,7010917,압구정고등학교,Apgujeong High School,서울특별시교육청,6003,서울특별시 강남구 압구정로39길 20,/ 압구정고등학교 (압구정동),02-549-0213,http://apgujeong.sen.hs.kr,02-515-8610,남여공학,일반고,N,일반계,,후기,주간,19861217,19870506,B10,서울특별시교육청,서울특별시,주간,일반계,자연과정,20230615,37.5308225,127.0328727
고등학교,사립,7010916,상일미디어고등학교,Sangil Media High School,서울특별시교육청,5282,서울특별시 강동구 천호대로219길 61,/ 상일미디어고등학교 (상일동),02-428-0733,http://www.sangilmedia.hs.kr,02-3427-0733,남여공학,특성화고,N,전문계,,전기,주간,19831226,19841006,B10,서울특별시교육청,서울특별시,주간,공업계,아이티미디어과,20230903,37.5483569,127.1698635
고등학교,사립,7010911,한세사이버보안고등학교,Hansei Cyber Security High School,서울특별시교육청,4129,서울특별시 마포구 마포대로11길 44-80,(아현동),02-362-0130,http://www.hansei.org,02-312-3996,남여공학,특성화고,N,전문계,,전기,주간,19941005,19941005,B10,서울특별시교육청,서울특별시,주간,공업계,지능형소프트웨어과,20230615,37.551836,126.9520387
고등학교,사립,7010908,리라아트고등학교,Lila Art High School,서울특별시교육청,4628,서울특별시 중구 소파로2길,/ 24 (예장동/리라아트고등학교),02-775-6541,http://www.lila.hs.kr,02-319-0681,남여공학,특성화고,N,전문계,,전기,주간,19520520,19520520,B10,서울특별시교육청,서울특별시,주간,공업계,전자계산기과(2·1),20230615,37.5572596,126.9882165
고등학교,사립,7010906,서울공연예술고등학교,School of Performing Arts/ Seoul,서울특별시교육청,8249,서울특별시 구로구 오리로22나길 16-26,/ 서울공연예술고등학교 (궁동),02-3281-9760,http://sopa.hs.kr,02-3281-9768,남여공학,특목고,N,일반계,예술계열,전기,주간,19660306,19661002,B10,서울특별시교육청,서울특별시,주간,예술계,연극영화과,20230615,37.5001689,126.8325537
고등학교,공립,7010889,성동글로벌경영고등학교,Seongdong Global Business High School,서울특별시교육청,4566,서울특별시 중구 퇴계로 375,(신당동/ 성동글로벌경영고등학교),02-2252-1932,http://sdglobal.sen.hs.kr,02-2235-7150,여,특성화고,N,전문계,,전기,주간,19610303,19610303,B10,서울특별시교육청,서울특별시,주간,특성화,글로벌MD과,20230615,37.5655701,127.0131738
고등학교,공립,7010888,서울문화고등학교,Seoul Culture High School,서울특별시교육청,1338,서울특별시 도봉구 마들로 598,/ 서울문화고등학교 (방학동),02-955-9100,http://seoulculture.sen.hs.kr,02-3491-7697,남여공학,특성화고,N,전문계,,전기,주간,19831226,19840507,B10,서울특별시교육청,서울특별시,주간,특성화,영상크리에이터과,20230615,37.6635123,127.0476229
고등학교,공립,7010886,성수고등학교,Seongsu High School,서울특별시교육청,4768,서울특별시 성동구 서울숲길 18,/ 성수고등학교 (성수동1가),02-461-2276,http://seongsu.sen.hs.kr,02-461-3346,남여공학,일반고,N,일반계,,후기,주간,20090301,20090301,B10,서울특별시교육청,서울특별시,주간,일반계,자연과정,20230615,37.5475413,127.0379713
고등학교,공립,7010885,수명고등학교,Sumyeong High School,서울특별시교육청,7635,서울특별시 강서구 수명로2길 15,/ 수명고등학교 (내발산동),02-2660-5500,http://www.sumyeong.hs.kr,02-2660-5519,남여공학,일반고,N,일반계,,후기,주간,20090301,20090504,B10,서울특별시교육청,서울특별시,주간,일반계,공통과정,20230615,37.5498611,126.8247971
고등학교,공립,7010884,신도림고등학교,Shindorim High School,서울특별시교육청,8200,서울특별시 구로구 경인로67길 159,(신도림동/신도림고등학교),02-2068-7979,https://shindorim.sen.hs.kr/,02-2068-7622,남여공학,일반고,N,일반계,,후기,주간,20090301,20090301,B10,서울특별시교육청,서울특별시,주간,일반계,자연과정,20230615,37.5139124,126.882
고등학교,공립,7010883,진관고등학교,Jingwan High School,서울특별시교육청,3302,서울특별시 은평구 진관4로 26,(진관동),02-358-0783,http://www.jingwan.hs.kr,02-358-0866,남여공학,일반고,N,일반계,,후기,주간,20090102,20090604,B10,서울특별시교육청,서울특별시,주간,일반계,공통과정,20230615,37.6432684,126.924422
고등학교,공립,7010882,은평고등학교,Eunpyeong High School,서울특별시교육청,3429,서울특별시 은평구 갈현로15길 47,(구산동/ 은평고등학교),02-383-0872,http://ep.sen.hs.kr,02-383-0860,남여공학,일반고,N,일반계,,후기,주간,20090301,20090301,B10,서울특별시교육청,서울특별시,주간,일반계,인문사회과정,20230615,37.6089913,126.9058937
외국인학교,사립,7010854,코리아외국인학교,Korea International School,서울특별시교육청,6739,서울특별시 서초구 남부순환로364길 7-16,(양재동),02-571-2917,http://www.rischool.org/,02-572-2916,남여공학,,N,해당없음,,전기,주간,20070830,20070830,B10,서울특별시교육청,서울특별시,,,,20230615,37.4847208,127.0410614
외국인학교,사립,7010853,아시아퍼시픽국제외국인학교,,서울특별시교육청,1874,서울특별시 노원구 월계로45가길 57,(월계동),02-907-2747,http://www.apis.seoul.kr/,02-907-2742,남여공학,,N,해당없음,,전기,주간,20061220,20070816,B10,서울특별시교육청,서울특별시,,,,20230615,37.6312033,127.0504681
외국인학교,사립,7010852,하비에르국제학교,,서울특별시교육청,3000,서울특별시 종로구 비봉길 23,(구기동),02-396-7688,http://www.xavier.sc.kr/,02-396-7689,남여공학,,N,해당없음,,전기,주간,20020302,20020302,B10,서울특별시교육청,서울특별시,,,,20230615,,
외국인학교,사립,7010851,재한몽골학교,International Mongolia School,서울특별시교육청,4966,서울특별시 광진구 광장로1가길 13-10,(광장동),02-3437-7078,http://mongolschool.org/,02-458-2980,남여공학,,N,해당없음,,전기,주야간,20050302,20050302,B10,서울특별시교육청,서울특별시,,,,20230615,,
외국인학교,사립,7010849,한국한성화교소학교,Overseas Chinese Primary School,서울특별시교육청,4536,서울특별시 중구 명동2길 35,(명동2가),02-776-1688,http://www.hanxiao.or.kr/,02-776-3729,남,,N,일반계,,전기,주간,19091005,19091005,B10,서울특별시교육청,서울특별시,,,,20230615,,
외국인학교,사립,7010848,한국켄트외국인학교,Korea Kent Foreign School,서울특별시교육청,4993,서울특별시 광진구 자양로35길 13,(구의동),02-2201-7091,http://www.kkfs.org,02-2201-7090,남,,N,해당없음,,전기,주간,19990827,19990827,B10,서울특별시교육청,서울특별시,,,,20230615,37.5470465,127.0864
외국인학교,사립,7010847,한국외국인학교,Korea International Shcool,서울특별시교육청,6324,서울특별시 강남구 개포로 408,(개포동),02-3496-0510,http://kisseoul.org/,02-578-6680,남,,N,해당없음,,전기,주간,19990801,19990801,B10,서울특별시교육청,서울특별시,,,,20230615,37.4856825,127.062107
외국인학교,사립,7010846,한국영등포화교소학교,Yeong De Po Korean Chinese Primary School,서울특별시교육청,7363,서울특별시 영등포구 경인로88길 9,(문래동1가),02-2678-5939,http://yongxiao.kr/,02-2636-5938,남,,N,해당없음,,전기,주간,19380601,19380601,B10,서울특별시교육청,서울특별시,,,,20230615,,
외국인학교,사립,7010844,지구촌기독외국인학교,지구촌기독외국인학교,서울특별시교육청,4419,서울특별시 용산구 독서당로 115,(한남동),02-797-0234,http://www.gcfskorea.org,02-797-0401,남,,N,해당없음,,전기,주간,19960901,19960901,B10,서울특별시교육청,서울특별시,,,,20230615,,
외국인학교,사립,7010843,서울프랑스학교,서울프랑스학교,서울특별시교육청,6581,서울특별시 서초구 서래로 7,(반포동),02-535-1158,http://lfseoul.org,02-593-5444,남,,N,해당없음,,전기,주간,20010407,20010407,B10,서울특별시교육청,서울특별시,,,,20230615,37.4958515,126.9979447
외국인학교,사립,7010842,서울일본인학교,서울일본인학교,서울특별시교육청,3919,서울특별시 마포구 월드컵북로62길 11,/ 일본인학교 (상암동),02-308-2010,http://www.sjs.or.kr/,02-572-6972,남,,N,해당없음,,전기,주간,19720508,19720508,B10,서울특별시교육청,서울특별시,,,,20230615,37.5837538,126.8839865
외국인학교,사립,7010840,서울독일학교,서울독일학교,서울특별시교육청,4419,서울특별시 용산구 독서당로 123-6,(한남동),02-792-0797,http://www.dsseoul.org,02-797-1954,남,,N,해당없음,,전기,주간,19760801,19760801,B10,서울특별시교육청,서울특별시,,,,20230615,,
외국인학교,사립,7010839,서울용산국제학교,서울용산국제학교,서울특별시교육청,4347,서울특별시 용산구 이태원로 285,(한남동),02-797-5104,http://www.yisseoul.org,02-797-5224,남,,N,해당없음,,전기,주간,20060808,20060808,B10,서울특별시교육청,서울특별시,,,,20230615,37.5402728,127.0007633
외국인학교,사립,7010838,한국한성화교중고등학교,한국한성화교중고등학교,서울특별시교육청,3723,서울특별시 서대문구 연희로 176,(연희동),02-324-0664,http://www.scs.or.kr/,02-325-0664,남,,N,해당없음,,전기,주간,19480505,19480505,B10,서울특별시교육청,서울특별시,,,,20230615,37.5720809,126.9369802
고등학교,사립,7010837,성암국제무역고등학교,Seong-Am International Trade High School,서울특별시교육청,1174,서울특별시 강북구 도봉로29길 52,(미아동/ 성암국제무역고등학교),02-2179-1717,http://seongam.sen.hs.kr,02-985-5399,여,특성화고,N,전문계,,전기,주간,19600219,19601001,B10,서울특별시교육청,서울특별시,주간,특성화,웹디자인과,20240310,37.620888,127.0246478
고등학교,공립,7010836,서울방송고등학교,Seoul Broadcasting High School,서울특별시교육청,4731,서울특별시 성동구 동호로5길 131,(옥수동),02-2281-0091,https://seb.sen.hs.kr,02-2281-0095,남여공학,특성화고,N,전문계,,전기,주간,19911030,19911030,B10,서울특별시교육청,서울특별시,주간,특성화,방송영상과,20230615,37.5473647,127.0103869
고등학교,사립,7010835,경복비즈니스고등학교,Kyungbok Business High School,서울특별시교육청,7589,서울특별시 강서구 화곡로 379,(등촌동),02-3661-3425,http://kbb.sen.hs.kr,02-3661-8372,여,특성화고,N,전문계,,전기,주간,19721002,19721002,B10,서울특별시교육청,서울특별시,주간,특성화,스마트경영과,20230615,37.5580863,126.8526074
고등학교,사립,7010833,대동세무고등학교,Daedong Taxation High School,서울특별시교육청,3057,서울특별시 종로구 계동길 84-10,(계동),02-763-1631,http://daedong.sen.hs.kr,02-763-1632,남여공학,특성화고,N,전문계,,전기,주간,19250418,19250418,B10,서울특별시교육청,서울특별시,주간,특성화,세무행정과,20230615,37.5814311,126.9878449
고등학교,공립,7010828,한강미디어고등학교,Hangang Media High School,서울특별시교육청,7206,서울특별시 영등포구 선유로55길 22,(양평동4가/한강미디어고등학교),02-2671-1448,http://www.hangang-ech.hs.kr,02-2635-6399,남여공학,특성화고,N,전문계,,전기,주간,19950110,19950110,B10,서울특별시교육청,서울특별시,주간,특성화,방송미디어과,20230615,37.5391649,126.8972641
고등학교,공립,7010827,구현고등학교,Guhyun High School,서울특별시교육청,8217,서울특별시 구로구 경인로53가길 17,(구로동),02-2628-8916,http://www.guhyun.hs.kr,02-2628-8915,남여공학,자율고,N,일반계,,후기,주간,20080301,20080301,B10,서울특별시교육청,서울특별시,주간,일반계,인문사회과정,20230615,37.502297,126.8744669
고등학교,사립,7010818,해성여자고등학교,Haesung Girls’ High School,서울특별시교육청,2505,서울특별시 동대문구 전농로20길 31,(전농동/해성여자고등학교),070-7860-7100,http://haesung-g.hs.kr,070-8769-9458,여,일반고,N,일반계,,후기,주간,20080301,20080301,B10,서울특별시교육청,서울특별시,주간,일반계,일반학과,20230615,37.5808089,127.0569577
고등학교,공립,7010817,서울국제고등학교,Seoul Global High School,서울특별시교육청,3066,서울특별시 종로구 성균관로13길 40,/ 서울국제고 (명륜1가),02-743-9385,http://sghs.sen.hs.kr,02-743-9409,남여공학,특목고,N,일반계,국제계열,전기,주간,20070719,20080507,B10,서울특별시교육청,서울특별시,주간,국제계,국제계열,20230615,37.5913398,126.9960534
고등학교,공립,7010816,세종과학고등학교,Sejong Science High School,서울특별시교육청,8258,서울특별시 구로구 오리로21길 79,(궁동),02-2060-4133,http://www.sjsh.hs.kr,02-2060-4144,남여공학,특목고,N,일반계,과학계열,전기,주간,20080301,20080415,B10,서울특별시교육청,서울특별시,주간,과학계,과학과,20230615,37.4968998,126.8280026
고등학교,사립,7010813,보인고등학교,Boin High School,서울특별시교육청,5742,서울특별시 송파구 오금로49길 18,/ 보인고등학교 (오금동),02-2043-6021,http://www.boin.hs.kr,02-449-8063,남,자율고,N,일반계,,전기,주간,19080608,19080608,B10,서울특별시교육청,서울특별시,주간,일반계,공통과정,20230615,37.4971396,127.1386359
고등학교,사립,7010811,해성국제컨벤션고등학교,HAESUNG INTERNATIONAL CONVENTION HIGH SCHOOL,서울특별시교육청,2505,서울특별시 동대문구 전농로20길 31,/ 해성국제컨벤션고등학교 (전농동),070-8786-1300,http://www.haesung.hs.kr,02-2214-1958,여,특성화고,N,전문계,,전기,주간,19560328,19610404,B10,서울특별시교육청,서울특별시,주간,특성화,그래픽디자인과,20230615,37.5817685,127.0573516
고등학교,사립,7010810,예일디자인고등학교,Yale Design High School,서울특별시교육청,3412,서울특별시 은평구 연서로 117,/ 예일디자인고등학교 (구산동),02-380-0855,http://yaledesign.sen.hs.kr,02-380-0880,여,특성화고,N,전문계,,전기,주간,19930926,19930926,B10,서울특별시교육청,서울특별시,주간,특성화,패션?스타일과,20240324,37.609454,126.9158192
고등학교,공립,7010808,덕수고등학교,Duksoo High School,서울특별시교육청,5846,서울특별시 송파구 위례북로 10,"(거여동, 덕수고등학교)",02-6952-2801,https://duksoo.sen.hs.kr/,02-449-9069,남여공학,일반고,N,일반계,,전기,주간,19100413,19100413,B10,서울특별시교육청,서울특별시,주간,일반계,일반학과,20240225,37.5555456,127.0421183
고등학교,공립,7010806,상암고등학교,Sang-am High School,서울특별시교육청,3903,서울특별시 마포구 월드컵북로 445,(상암동),02-373-0041,http://www.sangam.hs.kr,02-373-0068,남여공학,일반고,N,일반계,,후기,주간,20070104,20070510,B10,서울특별시교육청,서울특별시,주간,일반계,공통과정,20230615,37.579085,126.883068
고등학교,공립,7010805,원묵고등학교,Wonmook High School,서울특별시교육청,2041,서울특별시 중랑구 숙선옹주로 82,/ 원묵고등학교 (묵동),02-3422-3573,http://wonmook.hs.kr,02-3422-2578,남여공학,자율고,N,일반계,,후기,주간,20031219,20070531,B10,서울특별시교육청,서울특별시,주간,일반계,인문사회과정,20230615,37.6154157,127.0860645
외국인학교,사립,7010804,서울외국인학교,서울외국인학교,서울특별시교육청,3723,서울특별시 서대문구 연희로22길 39,(연희동),330-3100,http://www.seoulforeign.org,02-330-1857,남,,N,해당없음,,전기,주간,19120501,19120501,B10,서울특별시교육청,서울특별시,,,,20230615,37.569151,126.9372384
고등학교,사립,7010797,고려대학교사범대학부속고등학교,Korea University High School,서울특별시교육청,2708,서울특별시 성북구 정릉로 161,/ 고려대학교사범대학부속고등학교 (정릉동),02-914-7483,https://koreahi.sen.hs.kr,02-942-0732,남,일반고,N,일반계,,후기,주간,19680311,19680311,B10,서울특별시교육청,서울특별시,주간,일반계,일반학과,20230615,,
고등학교,사립,7010795,서울영상고등학교,Seoul Visual Media High School,서울특별시교육청,8021,서울특별시 양천구 목동로11길 46,/ 서울영상고등학교 (신정동),02-2602-7121,youngsang.hs.kr,02-2606-1804,남여공학,특성화고,N,전문계,,전기,주간,19611208,19611208,B10,서울특별시교육청,서울특별시,주간,특성화,영상콘텐츠과,20230615,37.523251,126.8600465
고등학교,사립,7010793,한양대학교사범대학부속고등학교,Hanyang High School Attached to the College of Education/ Hanyang University,서울특별시교육청,4761,서울특별시 성동구 마조로 42,(사근동),02-2200-3520,http://www.hanyang-u.hs.kr/,02-2298-3173,남여공학,자율고,N,일반계,,전기,주간,19600515,19600515,B10,서울특별시교육청,서울특별시,주간,일반계,자연과정,20230615,37.5619906,127.0421782
고등학교,공립,7010766,효문고등학교,Hyomun High School,서울특별시교육청,1372,서울특별시 도봉구 우이천로 432,(쌍문동/효문중 고등학교),02-992-0778,http://hyomun.sen.hs.kr,02-992-0528,남여공학,일반고,N,일반계,,후기,주간,20051229,20060605,B10,서울특별시교육청,서울특별시,주간,일반계,일반학과,20250406,,
고등학교,공립,7010765,신서고등학교,Sinseo High School,서울특별시교육청,8021,서울특별시 양천구 은행정로 42,/ 신서고등학교 (신정동),02-2690-0400,http://sinseo.sen.hs.kr,02-2690-2227,남여공학,일반고,N,일반계,,후기,주간,20060105,20060525,B10,서울특별시교육청,서울특별시,주간,일반계,일반학과,20230615,37.5238226,126.8599431
고등학교,공립,7010764,세현고등학교,Se Hyun High School,서울특별시교육청,7531,서울특별시 강서구 허준로 227,/ 세현고등학교 (가양동),02-3663-1495,http://sehyun.hs.kr,02-3663-1056,남여공학,일반고,N,일반계,,후기,주간,20060301,20060506,B10,서울특별시교육청,서울특별시,주간,일반계,일반학과,20230615,37.5603342,126.8637889
고등학교,사립,7010747,이화여자대학교병설미디어고등학교,Ewha Media High School,서울특별시교육청,2061,서울특별시 중랑구 망우로73길 56,/ 02061 (망우동),02-2209-0146,https://ewhamedia.sen.hs.kr,02-438-1549,여,특성화고,N,전문계,,전기,주간,19690110,19690918,B10,서울특별시교육청,서울특별시,주간,특성화,공통과정,20230615,,
고등학교,사립,7010744,목동고등학교,Mokdong High School,서울특별시교육청,8099,서울특별시 양천구 목동동로2길 68,/ 목동고등학교 (신정동),02-2652-1701,https://mokdong.sen.hs.kr/,02-2652-9229,여,일반고,N,일반계,,후기,주간,19891208,19900914,B10,서울특별시교육청,서울특별시,주간,일반계,일반학과,20230615,37.5089222,126.8601322
고등학교,사립,7010741,서울디자인고등학교,Seoul Design High School,서울특별시교육청,4140,서울특별시 마포구 백범로 139,/ 서울디자인고등학교 (염리동),02-715-2261,http://www.seodi.hs.kr,02-716-6967,남여공학,특성화고,N,전문계,,전기,주간,19550112,19550112,B10,서울특별시교육청,서울특별시,주간,공업계,로봇디자인과,20230615,37.5469217,126.9479479
고등학교,사립,7010740,대진디자인고등학교,Daejin Design High School,서울특별시교육청,6352,서울특별시 강남구 광평로39길 93,(수서동/대진디자인고등학교),02-2226-8418,http://www.daejindesign.hs.kr,02-2226-4863,남여공학,특성화고,N,전문계,,전기,주간,19940325,19950302,B10,서울특별시교육청,서울특별시,주간,특성화,시각정보디자인과,20230615,37.4904176,127.0961147
고등학교,사립,7010739,서울관광고등학교,Seoul Tourism High School,서울특별시교육청,8714,서울특별시 관악구 은천로15길 25,(봉천동/서울관광고등학교),02-886-9165,http://seoul-tour.sen.hs.kr,02-872-9170,남여공학,특성화고,N,전문계,,전기,주간,19780315,19780315,B10,서울특별시교육청,서울특별시,주간,특성화,만화영상과,20230615,37.4883539,126.9435864
고등학교,공립,7010738,서울로봇고등학교,Seoul Robotics High School,서울특별시교육청,6363,서울특별시 강남구 광평로20길 63,/ 서울로봇고등학교 (일원동),02-2226-2141,http://srobot.sen.hs.kr,02-2226-5346,남여공학,특목고,N,전문계,산업수요 맞춤형 고등학교,전기,주간,19940104,19940104,B10,서울특별시교육청,서울특별시,주간,특성화,금속과,20230615,37.480706,127.0843256
고등학교,공립,7010737,성동공업고등학교,Seongdong Technical High School,서울특별시교육청,4571,서울특별시 중구 다산로 290,(흥인동),070-8685-7600,http://www.sdth.hs.kr,02-2234-1950,남여공학,특성화고,N,전문계,,전기,주간,19440401,19440401,B10,서울특별시교육청,서울특별시,주간,공업계,제어계측과,20230615,37.5692073,127.0169143
고등학교,공립,7010736,불암고등학교,Buram High School,서울특별시교육청,1736,서울특별시 노원구 중계로 155,(중계동),02-936-7500,http://www.buram.hs.kr,02-936-9100,남여공학,일반고,N,일반계,,후기,주간,20050301,20050301,B10,서울특별시교육청,서울특별시,주간,일반계,일반학과,20230615,37.6484598,127.0801515
고등학교,공립,7010735,월계고등학교,Wolgye High School,서울특별시교육청,1874,서울특별시 노원구 초안산로5길 66,(월계동/월계고등학교),02-908-0062,http://wg.hs.kr,02-908-0260,남여공학,일반고,N,일반계,,후기,주간,20050105,20050301,B10,서울특별시교육청,서울특별시,주간,일반계,일반학과,20230615,37.6317307,127.0486861
고등학교,공립,7010734,선유고등학교,Seonyoo High School,서울특별시교육청,7209,서울특별시 영등포구 선유로 227,/ 선유고등학교 (양평동4가),02-2069-0036,http://seonyoo.sen.hs.kr,02-2069-2626,남여공학,일반고,N,일반계,,후기,주간,20050105,20050526,B10,서울특별시교육청,서울특별시,주간,일반계,일반학과,20230615,37.5336798,126.8948714
고등기술학교,사립,7010722,한국제과학교,Korea Baking School,서울특별시교육청,7319,서울특별시 영등포구 여의대방로61길 42,(신길동),02-843-6042,http://www.kib.or.kr,02-848-5766,남여공학,,N,전문계,,전기,주간,19721229,19721229,B10,서울특별시교육청,서울특별시,주간,제과제빵계,제과과,20240609,,
고등학교,사립,7010721,서서울생활과학고등학교,Seoseoul Life Science High School,서울특별시교육청,8248,서울특별시 구로구 오리로 1355-10,/ 서서울생활과학고등학교 (궁동),02-2613-5272,http://ssls.sen.hs.kr,02-2612-0554,남여공학,특성화고,N,전문계,,전기,주간,19720305,19720331,B10,서울특별시교육청,서울특별시,주간,상업계,컴퓨터그래픽디자인과,20230615,37.5037145,126.8282483
고등학교,사립,7010712,영동일고등학교,Youngdongil High School,서울특별시교육청,5555,서울특별시 송파구 석촌호수로 93,/ 영동일고등학교 (잠실동),02-430-6822,http://www.ydi.hs.kr,02-430-3595,남여공학,일반고,N,일반계,,후기,주간,19771230,19780324,B10,서울특별시교육청,서울특별시,주간,일반계,일반학과,20230615,37.5098294,127.0898763
고등학교,공립,7010703,자운고등학교,Jawoon High School,서울특별시교육청,1412,서울특별시 도봉구 노해로69길 150,(창동),02-998-2929,http://jawoon.sen.hs.kr,02-998-2942,남여공학,일반고,N,일반계,,후기,주간,20020527,20040423,B10,서울특별시교육청,서울특별시,주간,일반계,일반학과,20230615,37.6589097,127.0506172
고등학교,공립,7010702,신현고등학교,Shinhyeon High School,서울특별시교육청,2075,서울특별시 중랑구 봉화산로 174,/ 신현고등학교 (상봉동),02-3422-2713,http://shinhyeon.sen.hs.kr,02-3422-2716,남여공학,일반고,N,일반계,,후기,주간,20040301,20040429,B10,서울특별시교육청,서울특별시,주간,일반계,일반학과,20240526,37.6050407,127.0926555
고등학교,공립,7010701,문정고등학교,Munjeong High School,서울특별시교육청,5809,서울특별시 송파구 송이로34길 62,(문정동/문정고등학교),02-406-0061,http://mj.sen.hs.kr,02-406-6756,남여공학,일반고,N,일반계,,후기,주간,20071101,20080422,B10,서울특별시교육청,서울특별시,주간,일반계,자연과정,20230615,37.4852229,127.1267032
고등학교,공립,7010700,등촌고등학교,Deung Chon High School,서울특별시교육청,7580,서울특별시 강서구 공항대로39길 115,/ 등촌고등학교 (등촌동),02-3665-6045,http://www.dch.hs.kr,02-3665-6047,남여공학,자율고,N,일반계,,후기,주간,20040301,20040301,B10,서울특별시교육청,서울특별시,주간,일반계,일반학과,20230615,37.56283,126.8448
고등학교,공립,7010698,경일고등학교,Kyungil High School,서울특별시교육청,4779,서울특별시 성동구 성수일로 27,/ 경일고등학교 (성수동1가),02-463-3520,http://kyungil.sen.hs.kr,02-463-4072,남여공학,자율고,N,일반계,,후기,주간,20040506,20040506,B10,서울특별시교육청,서울특별시,주간,일반계,일반학과,20230615,,
고등학교,사립,7010697,서울문영여자고등학교,Seoul Moonyoung Girls` High School,서울특별시교육청,8833,서울특별시 관악구 관악로 85,/ 서울문영여자고등학교 (봉천동),02-873-3622,http://www.moonyoung.seoul.kr,02-873-3625,여,일반고,N,일반계,,후기,주간,19911107,19911107,B10,서울특별시교육청,서울특별시,주간,일반계,전기과,20230615,37.473456,126.9510614
고등학교,사립,7010594,염광고등학교,Yumkwang High School,서울특별시교육청,1874,서울특별시 노원구 월계로45가길 9,(월계동),02-905-4221,http://yumkwang.hs.kr,02-994-0122,남여공학,일반고,N,일반계,,후기,주간,19821019,19830302,B10,서울특별시교육청,서울특별시,주간,일반계,일반학과,20230615,37.6273438,127.0502171
고등학교,사립,7010593,상명고등학교,Sangmyung High School,서울특별시교육청,1758,서울특별시 노원구 덕릉로 553,(중계동),02-971-6211,http://www.sangmyung.hs.kr,02-971-6216,남여공학,일반고,N,일반계,,후기,주간,19371201,19370517,B10,서울특별시교육청,서울특별시,주간,일반계,인문사회과정,20230615,37.6496505,127.0679701
고등학교,사립,7010591,미래산업과학고등학교,Mirae High School of Science and Technology,서울특별시교육청,1717,서울특별시 노원구 덕릉로82길 54,(중계동),02-933-7671,http://www.mist.hs.kr,02-933-7855,남여공학,특성화고,N,전문계,,전기,주간,19940301,19940323,B10,서울특별시교육청,서울특별시,주간,공업계,생활디자인과,20230615,37.6589152,127.078927
고등학교,공립,7010590,방산고등학교,Bangsan High School,서울특별시교육청,5645,서울특별시 송파구 오금로27길 18,(방이동),02-418-2602,http://bangsan.sen.hs.kr,02-418-9963,남여공학,일반고,N,일반계,,후기,주간,20030301,20030930,B10,서울특별시교육청,서울특별시,주간,일반계,일반학과,20230615,37.5083573,127.1208358
고등학교,공립,7010589,누원고등학교,Noowon High School,서울특별시교육청,1318,서울특별시 도봉구 마들로 849,/ 누원고등학교 (도봉동),02-3492-7595,http://www.noowon.hs.kr,02-3492-7598,남여공학,일반고,N,일반계,,후기,주간,20030106,20030506,B10,서울특별시교육청,서울특별시,주간,일반계,일반학과,20230615,37.6853277,127.0504263
고등학교,사립,7010572,서울디지텍고등학교,Seoul Digitech High School,서울특별시교육청,4346,서울특별시 용산구 회나무로12길 27,(이태원동),02-798-3641,http://www.sdh.hs.kr,02-794-0822,남여공학,특성화고,N,전문계,,전기,주야간,19751004,19751004,B10,서울특별시교육청,서울특별시,주간,공업계,빅데이터과,20230615,,
각종학교(고),공립,7010567,종로산업정보학교,Jongno Polytechnic High School,서울특별시교육청,3114,서울특별시 종로구 종로58길 28,"(숭인동, 종로산업정보학교)",02-2237-0465,http://jongno.sen.hs.kr,02-2238-0598,남여공학,특성화고,N,전문계,,전기,주간,19901110,19901110,B10,서울특별시교육청,서울특별시,주간,통합계,컴퓨터응용설계과,20230627,,
각종학교(고),공립,7010566,아현산업정보학교,Ahyeon Vocational School,서울특별시교육청,4117,서울특별시 마포구 마포대로 249,(아현동/ 아현산업정보학교/ 아현직업학교),02-390-5800,http://ahyeon.sen.sc.kr,02-313-7606,남여공학,특성화고,N,전문계,,전기,주간,19540806,19540806,B10,서울특별시교육청,서울특별시,주간,통합계,그래픽디자인과,20230627,37.5570709,126.9578818
각종학교(고),공립,7010565,서울산업정보학교,Seoul Polytechnic School,서울특별시교육청,8815,서울특별시 관악구 신림로 67,/ 서울산업정보학교 (신림동),02-6331-1900,http://www.sis.sc.kr,02-874-0535,남여공학,특성화고,N,전문계,,전기,주간,19830302,19831002,B10,서울특별시교육청,서울특별시,주간,통합계,영화영상과,20230627,37.4702819,126.9424584
고등학교,공립,7010564,노원고등학교,Nowon High School,서울특별시교육청,1675,서울특별시 노원구 노원로 586,(상계동),02-937-0079,http://nowon.sen.hs.kr,02-951-4607,남여공학,일반고,N,일반계,,후기,주간,19881223,19890427,B10,서울특별시교육청,서울특별시,주간,일반계,공통과정,20230615,37.662462,127.0532343
고등학교,공립,7010563,경인고등학교,Kyeongin High School,서울특별시교육청,8275,서울특별시 구로구 경인로46길 31,/ 경인고등학교 (고척동),02-2618-3043,http://kyeongin.sen.hs.kr,02-2618-3093,남여공학,일반고,N,일반계,,후기,주간,20020301,20020516,B10,서울특별시교육청,서울특별시,주간,일반계,일반학과,20230615,37.4965024,126.8657749
고등학교,공립,7010562,창동고등학교,Changdong High School,서울특별시교육청,1483,서울특별시 도봉구 노해로62길 7,(창동/ 창동고등학교),02-3146-0600,http://changdong.sen.hs.kr,02-994-7622,남여공학,일반고,N,일반계,,후기,주간,20020301,20020301,B10,서울특별시교육청,서울특별시,주간,일반계,일반학과,20230615,37.6508255,127.0386112
고등학교,공립,7010560,독산고등학교,Doksan High School,서울특별시교육청,8551,서울특별시 금천구 문성로 64,/ 독산고등학교 (독산동),02-857-6248,http://doksan.sen.hs.kr,02-857-6247,남여공학,일반고,N,일반계,,후기,주간,20011231,20020504,B10,서울특별시교육청,서울특별시,주간,일반계,일반학과,20230615,37.4762505,126.9108354
고등학교,공립,7010559,수락고등학교,Surak High School,서울특별시교육청,1602,서울특별시 노원구 동일로245길 143,(상계동/수락고등학교),070-8677-2100,http://surak.sen.hs.kr,02-935-1460,남여공학,자율고,N,일반계,,후기,주간,20020301,20020426,B10,서울특별시교육청,서울특별시,주간,일반계,일반학과,20230615,37.6829589,127.0534009
고등학교,사립,7010552,청원여자고등학교,Cheongwon Girls’ High School,서울특별시교육청,1672,서울특별시 노원구 한글비석로 506,/ 청원여자고등학교 (상계동/청원초/중/고등학교),02-3399-7811,http://www.cheongwon-gh.hs.kr,02-3399-7842,여,일반고,N,일반계,,후기,주간,20010301,20010510,B10,서울특별시교육청,서울특별시,주간,일반계,공통과정(여),20230615,37.6660528,127.0609619
고등학교,사립,7010547,이화여자대학교사범대학부속이화금란고등학교,Ewha Womans University High School,서울특별시교육청,3759,서울특별시 서대문구 성산로 560,/ 이대부속고등학교 (대신동),02-361-6200,http://edaebugo.sen.hs.kr,02-313-5602,남여공학,일반고,N,일반계,,전기,주간,19580215,19580401,B10,서울특별시교육청,서울특별시,주간,일반계,공통과정,20250302,37.565763,126.9472765
고등학교,사립,7010544,오류고등학교,Oryu High School,서울특별시교육청,8248,서울특별시 구로구 오리로21길 2,(궁동/ 오류고등학교),02-2684-2300,http://oryu.hs.kr,02-2685-5980,여,일반고,N,일반계,,후기,주간,19991127,19991127,B10,서울특별시교육청,서울특별시,주간,일반계,자연과정,20230615,37.5000393,126.8287583
고등학교,사립,7010537,세명컴퓨터고등학교,Semyeong Computer High School,서울특별시교육청,3337,서울특별시 은평구 통일로92가길 33,/ 세명컴퓨터고등학교 (불광동),02-354-1323,http://www.smc.hs.kr,02-388-1381,남여공학,특성화고,N,전문계,,전기,주간,19740429,19740429,B10,서울특별시교육청,서울특별시,주간,특성화,디지털방송과,20230615,37.6278467,126.9234821
고등학교,공립,7010536,선린인터넷고등학교,Sunrin Internet High School,서울특별시교육청,4314,서울특별시 용산구 원효로97길 33-4,(청파동3가),02-713-6211,http://sunrint.sen.hs.kr,02-704-0960,남여공학,특성화고,N,전문계,,전기,주간,18990624,18990624,B10,서울특별시교육청,서울특별시,주간,특성화,경영정보과,20230615,37.5425019,126.9672188
방송통신고등학교,공립,7010390,영등포고등학교부설방송통신고등학교,Air and Correspondence High School Attached to Yeongdeungpo High School,서울특별시교육청,6933,서울특별시 동작구 등용로8길 5,/ 대방동 13-2 (대방동/ 영등포고등학교부설방송통신고등학교),070-4675-3200,http://www.cyber.hs.kr/achs/ydp/,02-812-1315,남여공학,일반고,N,일반계,,전기,주간,19790110,20020101,B10,서울특별시교육청,서울특별시,주간,일반계,전자과,20230709,,
방송통신고등학교,공립,7010389,수도여자고등학교부설방송통신고등학교,Open high school affiliated with sudo girls’,서울특별시교육청,7062,서울특별시 동작구 여의대방로10길 73,"(신대방동, 수도여자고등학교)",02-2102-3580,http://www.cyber.hs.kr,02-2102-3529,여,일반고,N,일반계,,전기,주간,19740223,20020101,B10,서울특별시교육청,서울특별시,주간,일반계,공통과정,20230709,,
방송통신고등학교,공립,7010387,경복고등학교부설방송통신고등학교,Open highschool affiliated with KYUNGBOCK,서울특별시교육청,3047,서울특별시 종로구 자하문로28가길 9,(청운동),02-397-5470,http://www.cyber.hs.kr/user/index.do,02-736-0422,남여공학,일반고,N,일반계,,전기,주간,19740323,19740323,B10,서울특별시교육청,서울특별시,주간,일반계,일반학과,20230709,,
방송통신고등학교,공립,7010386,경동고등학교부설방송통신고등학교,Air and Correspondence High School Attached to Kyungdong High School,서울특별시교육청,2870,서울특별시 성북구 보문로29길 49,(삼선동3가/ 경동고등학교),02-928-2077,http://kyungdong.cyber.hs.kr,02-926-7525,남여공학,일반고,N,일반계,,전기,주간,19741231,20020101,B10,서울특별시교육청,서울특별시,주간,일반계,인문사회과정,20230709,,
방송통신고등학교,공립,7010385,경기여자고등학교부설방송통신고등학교,Air and Correspondence High School Attached to Gyeonggi Girls’ High School,서울특별시교육청,6324,서울특별시 강남구 삼성로 29,(개포동/경기여자고등학교),02-573-6796,http://www.kgg.hs.kr,02-575-1157,여,일반고,N,일반계,,전기,주간,19740301,20020101,B10,서울특별시교육청,서울특별시,주간,일반계,일반학과,20230709,,
고등학교,사립,7010377,한양공업고등학교,Hanyang Technical High School,서울특별시교육청,4566,서울특별시 중구 을지로 299,(신당동),02-2238-5181,http://www.hanyang.hs.kr,02-2235-3154,남,특성화고,N,전문계,,전기,주간,19450901,19450901,B10,서울특별시교육청,서울특별시,주간,공업계,건축과,20230615,37.5652986,127.0119386
고등학교,사립,7010370,일신여자상업고등학교,ILSHIN Girls’ Commercial High School,서울특별시교육청,5676,서울특별시 송파구 송파대로38길 8,(송파동/일신여자상업고등학교),02-2140-8223,http://ilshin.sen.hs.kr,02-2140-8224,여,특성화고,N,전문계,,전기,주간,19560316,19580406,B10,서울특별시교육청,서울특별시,주간,상업계,국제통상과,20230615,37.5016125,127.1145925
고등학교,사립,7010365,유한공업고등학교,Yuhan Technical High School,서울특별시교육청,8360,서울특별시 구로구 경인로 8,(항동),02-2610-0993,http://yuhan.sen.hs.kr,02-2618-1868,남여공학,특성화고,N,전문계,,전기,주간,19641229,19641229,B10,서울특별시교육청,서울특별시,주간,특성화,로봇전기자동화과,20230615,37.487907,126.8230171
고등학교,사립,7010356,영등포공업고등학교,YeongDeungPo Technical High School,서울특별시교육청,7524,서울특별시 강서구 허준로5길 15,(가양동),02-2659-2981,https://younggong.sen.hs.kr,02-2659-2986,남,특성화고,N,전문계,,전기,주간,19530409,19530409,B10,서울특별시교육청,서울특별시,야간,공업계,전기과,20230615,37.5693158,126.8502752
고등학교,사립,7010346,수도전기공업고등학교,Sudo Electric Technical High School,서울특별시교육청,6324,서울특별시 강남구 개포로 410,/ 수도전기공업고등학교 (개포동),02-524-9800,http://sudo.sen.hs.kr,02-529-6381,남여공학,특목고,N,전문계,산업수요 맞춤형 고등학교,전기,주간,19240301,19451015,B10,서울특별시교육청,서울특별시,주간,공업계,컴퓨터응용기계과,20250105,37.485868,127.0639739
고등학교,사립,7010340,서울여자상업고등학교,Seoul Girls’ Commercial High School,서울특별시교육청,8833,서울특별시 관악구 관악로 85,(봉천동/서울여자상업고등학교),02-873-3613,http://sys.sen.hs.kr,02-873-3620,여,특성화고,N,전문계,,전기,주간,19260929,19260929,B10,서울특별시교육청,서울특별시,주간,특성화,인터넷비지니스과,20230615,37.472691,126.9504701
고등학교,사립,7010317,덕일전자공업고등학교,Deogil Electronic Technical High School,서울특별시교육청,8357,서울특별시 구로구 서해안로21길 5-12,(오류동),02-2613-2762,http://di.sen.hs.kr,02-2681-0528,남여공학,특성화고,N,전문계,,전기,주간,19941005,19941005,B10,서울특별시교육청,서울특별시,주간,공업계,로봇드론과,20230615,37.4900809,126.8370718
고등학교,공립,7010278,서울공업고등학교,Seoul Technical High School,서울특별시교육청,6955,서울특별시 동작구 대방동1길 46,/ 서울공업고등학교 (대방동),02-2082-1810,http://seoul-th.sen.hs.kr,02-825-2030,남여공학,특성화고,Y,전문계,,전기,주간,18990505,18990505,B10,서울특별시교육청,서울특별시,주간,공업계,환경화공과,20230615,37.5015181,126.9225649
고등학교,공립,7010272,경기상업고등학교,Gyeonggi Commercial High School,서울특별시교육청,3047,서울특별시 종로구 자하문로 136,(청운동),02-737-6490,http://ggc.sen.hs.kr,02-722-0504,남여공학,특성화고,N,전문계,,전기,주간,19230206,19230514,B10,서울특별시교육청,서울특별시,주간,특성화,사이버정보통신과,20230615,37.5885597,126.9697676
고등학교,공립,7010271,경기기계공업고등학교,Gyeonggi Mechanical Technical High School,서울특별시교육청,1810,서울특별시 노원구 공릉로 264,(하계동),02-2289-1600,http://www.ggmt.hs.kr,02-978-4327,남여공학,특성화고,N,전문계,,전기,주간,19570215,19570215,B10,서울특별시교육청,서울특별시,주간,공업계,전자과,20230615,37.6329288,127.0743558
고등학교,사립,7010268,휘문고등학교,Whimoon High School,서울특별시교육청,6183,서울특별시 강남구 역삼로 541,(대치동),02-500-9500,http://www.whimoon.hs.kr/,02-500-9550,남,자율고,N,일반계,,전기,주간,19060501,19060501,B10,서울특별시교육청,서울특별시,주간,일반계,일반학과,20230615,37.5052055,127.061424
고등학교,사립,7010267,휘경여자고등학교,Hwikyung Girls` High School,서울특별시교육청,2503,서울특별시 동대문구 한천로 247,(휘경동/휘경여자고등학교),02-2245-2307,http://hwikyung.sen.hs.kr,02-2213-2803,여,일반고,N,일반계,,후기,주간,19750303,19750519,B10,서울특별시교육청,서울특별시,주간,일반계,일반학과,20230615,,
고등학교,사립,7010266,환일고등학교,Hwanil High School,서울특별시교육청,4500,서울특별시 중구 환일길 47,(만리동2가),02-390-7113,https://www.hwanil.hs.kr,02-363-5200,남,일반고,N,일반계,,후기,주간,19470624,19470624,B10,서울특별시교육청,서울특별시,주간,일반계,공통과정,20230615,37.5533704,126.9619935
고등학교,사립,7010265,화곡고등학교,Hwagok High School,서울특별시교육청,7640,서울특별시 강서구 강서로45길 69,/ 화곡고등학교 (내발산동),070-8277-2900,http://hwagok.sen.hs.kr,02-2662-1825,남,일반고,N,일반계,,후기,주간,19780130,19780130,B10,서울특별시교육청,서울특별시,주간,일반계,공통과정,20230615,37.5480495,126.8317245
고등학교,사립,7010264,홍익대학교사범대학부속여자고등학교,Hongik University Girls` High School,서울특별시교육청,3967,서울특별시 마포구 성미산로 51,(성산동/ 여자고등학교),02-331-7584,http://hongik68.sen.hs.kr,02-331-7300,여,일반고,N,일반계,,후기,주간,19671229,19680312,B10,서울특별시교육청,서울특별시,주간,일반계,자연과정(여),20230615,37.560269,126.9127869
고등학교,사립,7010263,홍익대학교사범대학부속고등학교,HONGIK University High School,서울특별시교육청,2835,서울특별시 성북구 성북로14가길 23,(성북동/홍익대학교부속중고등학교),02-762-0826,hongik.sen.hs.kr,02-765-4549,남,일반고,N,일반계,,후기,주간,19540304,19540412,B10,서울특별시교육청,서울특별시,주간,일반계,자연과정(남),20250316,37.5945237,127.0033632
고등학교,사립,7010262,혜원여자고등학교,Hyewon Girls’ High School,서울특별시교육청,2174,서울특별시 중랑구 봉우재로58길 39,(망우동),02-434-5946,http://hyewon.sen.hs.kr,02-437-6687,여,일반고,N,일반계,,후기,주간,19721226,19730305,B10,서울특별시교육청,서울특별시,주간,일반계,공통과정,20230615,37.5930963,127.0967994
고등학교,사립,7010261,혜성여자고등학교,Hyesung Girls’ High School,서울특별시교육청,1749,서울특별시 노원구 노원로16길 2,(하계동),02-972-4040,http://www.hyesung.hs.kr,02-972-0992,여,일반고,N,일반계,,후기,주간,19821130,19821010,B10,서울특별시교육청,서울특별시,주간,일반계,일반학과,20230615,37.6412562,127.0739133
고등학교,사립,7010260,현대고등학교,Hyundai High School,서울특별시교육청,6000,서울특별시 강남구 압구정로 127,"(압구정동, 현대고등학교)",02-546-6323,http://www.hyundai.hs.kr,02-514-3106,남여공학,자율고,N,일반계,,전기,주간,19841217,19850429,B10,서울특별시교육청,서울특별시,주간,일반계,자연과정,20230615,37.5251772,127.0226257
고등학교,사립,7010259,한영외국어고등학교,Hanyoung Foreign Language High School,서울특별시교육청,5279,서울특별시 강동구 동남로 832,(상일동),02-6954-1703,http://hyfl.sen.hs.kr,02-429-0360,남여공학,특목고,N,일반계,외국어계열,전기,주간,19900301,19900418,B10,서울특별시교육청,서울특별시,주간,외국어계,일본어과,20230615,37.546625,127.1609563
고등학교,사립,7010258,한영고등학교,Hanyoung High School,서울특별시교육청,5279,서울특별시 강동구 동남로 832,(상일동/ 한영고등학교),02-6954-1504,http://hanyoung.hs.kr,02-6954-1244,남여공학,일반고,N,일반계,,후기,주간,19330418,19330418,B10,서울특별시교육청,서울특별시,주간,일반계,인문사회과정,20230615,37.549026,127.1582426
고등학교,사립,7010255,한성여자고등학교,Hansung Girls’ High School,서울특별시교육청,2876,서울특별시 성북구 삼선교로16길 117,/ 한성여자고등학교 (삼선동2가),02-742-2845,http://www.hansung-g.sen.hs.kr,02-743-8182,여,일반고,N,일반계,,후기,주간,19451005,19451005,B10,서울특별시교육청,서울특별시,주간,일반계,공통과정,20230615,37.5829467,127.0117635
고등학교,사립,7010254,한성고등학교,Hanseong High School,서울특별시교육청,3771,서울특별시 서대문구 북아현로1길 24,(북아현동),02-363-4943,http://hanseong.sen.hs.kr,02-364-6926,남,일반고,N,일반계,,후기,주간,19280925,19280925,B10,서울특별시교육청,서울특별시,주간,일반계,자연과정,20230615,,
고등학교,사립,7010253,한서고등학교,Hanseo High School,서울특별시교육청,7507,서울특별시 강서구 양천로11길 47,(방화동),02-2662-0021,http://hanseo.hs.kr,02-2664-0028,남여공학,일반고,N,일반계,,후기,주간,19840217,19850311,B10,서울특별시교육청,서울특별시,주간,일반계,일반학과,20230615,37.5744688,126.8083857
고등학교,사립,7010252,한국삼육고등학교,Hankook Sahmyook High School,서울특별시교육청,1795,서울특별시 노원구 화랑로 815,(공릉동),02-6395-3636,https://sahmyook.sen.hs.kr,02-971-8029,남여공학,일반고,N,일반계,,후기,주간,19491113,19491113,B10,서울특별시교육청,서울특별시,주간,일반계,일반학과,20230615,37.640485,127.1084852
고등학교,사립,7010251,한광고등학교,Hankwang High School,서울특별시교육청,7732,서울특별시 강서구 등촌로13길 110,(화곡동),070-7458-1003,www.hankwang.hs.kr,02-2652-4529,남여공학,일반고,N,일반계,,후기,주간,19870119,19870119,B10,서울특별시교육청,서울특별시,주간,일반계,인문사회과정,20230615,37.5384331,126.8583394
고등학교,사립,7010250,한가람고등학교,Hangaram High School,서울특별시교육청,7984,서울특별시 양천구 목동서로 15,(목동),02-2642-3862,http://www.hangaram.hs.kr,02-2642-3865,남여공학,자율고,N,일반계,,전기,주간,19961210,19961210,B10,서울특별시교육청,서울특별시,주간,일반계,일반학과,20230615,37.5374007,126.8840505
고등학교,사립,7010248,충암고등학교,Choongam High School,서울특별시교육청,3481,서울특별시 은평구 가좌로5길 5,(응암동),02-309-0236,http://cham.sen.hs.kr,02-302-8779,남,일반고,N,일반계,,후기,주간,19680110,19681109,B10,서울특별시교육청,서울특별시,주간,일반계,인문사회과정,20230615,37.5848356,126.9211239
고등학교,사립,7010247,청원고등학교,Cheong-won High School,서울특별시교육청,1672,서울특별시 노원구 한글비석로 506,/ 청원고등학교 (상계동),02-3399-7771,http://www.cheongwon.hs.kr,02-3399-7774,남,일반고,N,일반계,,후기,주간,19881112,19890510,B10,서울특별시교육청,서울특별시,주간,일반계,인문사회과정,20230615,37.6666066,127.0632977
고등학교,사립,7010246,창문여자고등학교,Changmun Girls’ High School,서울특별시교육청,1237,서울특별시 강북구 월계로 61,/ 창문여자고등학교 (미아동),02-986-1701,http://www.changmun.hs.kr,02-985-1316,여,일반고,N,일반계,,후기,주간,19741227,19751010,B10,서울특별시교육청,서울특별시,주간,일반계,자연과정,20230615,37.6134548,127.0364082
고등학교,사립,7010245,진선여자고등학교,Jinseon Girls’ High School,서울특별시교육청,6213,서울특별시 강남구 선릉로85길 27,(진선여자고등학교/역삼동),02-2148-0400,http://www.jinseon.hs.kr,02-561-7210,여,일반고,N,일반계,,후기,주간,19761228,19761228,B10,서울특별시교육청,서울특별시,주간,일반계,일반학과,20230615,37.5015073,127.0469587
고등학교,사립,7010244,진명여자고등학교,Jinmyeong Girls’ High School,서울특별시교육청,8002,서울특별시 양천구 목동로 170,/ 진명여자고등학교 (목동),02-2643-1711,http://jm.sen.hs.kr,02-2649-8327,여,일반고,N,일반계,,후기,주간,19060421,19060421,B10,서울특별시교육청,서울특별시,주간,일반계,공통과정,20230615,37.5238875,126.8660594
고등학교,사립,7010243,중앙여자고등학교,Jung-Ang Girls’ High School,서울특별시교육청,3762,서울특별시 서대문구 북아현로11가길 7,(북아현동),02-362-3062,http://jungang-girls.sen.hs.kr,02-393-5129,여,일반고,N,일반계,,후기,주간,19401010,19401010,B10,서울특별시교육청,서울특별시,주간,일반계,공통과정,20230615,,
고등학교,사립,7010241,중앙대학교사범대학부속고등학교,CHUNGANG UNIVERSITY HIGH SCHOOL,서울특별시교육청,6277,서울특별시 강남구 선릉로 207,/ 중앙대학교사범대학부속고등학교 (도곡동),02-579-4005,http://www.cau.hs.kr,02-572-7455,남여공학,일반고,N,일반계,,후기,주간,19340415,19340415,B10,서울특별시교육청,서울특별시,주간,일반계,인문사회과정,20230615,,
고등학교,사립,7010240,중앙고등학교,Choong-ang High School,서울특별시교육청,3051,서울특별시 종로구 창덕궁길 164,(계동),02-742-1321,http://choongang.sen.hs.kr,02-745-6322,남,자율고,N,일반계,,전기,주간,19080620,19080620,B10,서울특별시교육청,서울특별시,주간,일반계,일반학과,20230615,37.5842109,126.9868259
고등학교,사립,7010239,중산고등학교,Jungsan High School,서울특별시교육청,6350,서울특별시 강남구 일원로14길 22,(일원동/ 중산고등학교),02-2112-9000,http://www.jungsan.hs.kr,02-2226-0196,남,일반고,N,일반계,,후기,주간,19940301,19940325,B10,서울특별시교육청,서울특별시,주간,일반계,자연과정,20230615,37.4854904,127.0807424
고등학교,사립,7010238,중동고등학교,Joongdong High School,서울특별시교육청,6338,서울특별시 강남구 일원로 7,(일원동),02-3411-0100,www.joongdong.hs.kr,02-3411-0154,남,자율고,N,일반계,,전기,주간,19060510,19060510,B10,서울특별시교육청,서울특별시,주간,일반계,자연과정,20230615,37.4931119,127.0807535
고등학교,사립,7010237,정의여자고등학교,Jeong Eui Girls’ High School,서울특별시교육청,1438,서울특별시 도봉구 노해로49길 69,(쌍문동/정의여자고등학교),02-992-5104,http://jeongeui.sen.hs.kr,02-991-0876,여,일반고,N,일반계,,후기,주간,19760305,19761007,B10,서울특별시교육청,서울특별시,주간,일반계,공통과정,20230705,37.653246,127.0313263
고등학교,사립,7010236,정신여자고등학교,Chungshin Girls’ High School,서울특별시교육청,5571,서울특별시 송파구 올림픽로4길 16,/ 정신여자고등학교 (잠실동),02-423-4014,http://chungshin.sen.hs.kr,02-420-9607,여,일반고,N,일반계,,후기,주간,18871020,19871020,B10,서울특별시교육청,서울특별시,주간,일반계,일반학과,20230615,37.5088358,127.0723848
고등학교,사립,7010235,재현고등학교,Jaehyun High School,서울특별시교육청,1717,서울특별시 노원구 덕릉로82길 64,/ 재현고등학교 (중계동),02-932-4812,http://jaehyun.sen.hs.kr,02-6000-9358,남,일반고,N,일반계,,후기,주간,19780303,19780303,B10,서울특별시교육청,서울특별시,주간,일반계,자연과정,20230615,37.6603543,127.0804465
고등학교,사립,7010234,장훈고등학교,Janghoon High School,서울특별시교육청,7316,서울특별시 영등포구 영등포로64길 26,/ 장훈고등학교 (신길동),02-842-6921,http://www.janghoon.hs.kr,02-831-7435,남,자율고,N,일반계,,전기,주간,19640113,19640113,B10,서울특별시교육청,서울특별시,주간,일반계,인문사회과정,20230615,37.5134535,126.9155184
고등학교,사립,7010233,장충고등학교,Jangchung High School,서울특별시교육청,4603,서울특별시 중구 동호로15길 93,(신당동),02-2233-9990,http://www.jangchung.hs.kr,02-2236-6660,남여공학,일반고,N,일반계,,후기,주간,19470901,19470901,B10,서울특별시교육청,서울특별시,주간,일반계,인문사회과정,20240414,37.5524322,127.0070737
고등학교,사립,7010232,잠실여자고등학교,Jamsil Girls’ High School,서울특별시교육청,5676,서울특별시 송파구 송파대로38길 8,(송파동) 잠실여자고등학교,02-2140-8031,http://www.jamsilg.hs.kr,02-2140-8024,여,일반고,N,일반계,,후기,주간,19821130,19830513,B10,서울특별시교육청,서울특별시,주간,일반계,공통과정,20230615,37.5023626,127.1132355
고등학교,사립,7010231,인창고등학교,Inchang High School,서울특별시교육청,3746,서울특별시 서대문구 경기대로 65,/ 인창고등학교 (충정로2가),02-360-3700,http://www.inchang.ne.kr,02-360-3737,남,일반고,N,일반계,,후기,주간,19531010,19531010,B10,서울특별시교육청,서울특별시,주간,일반계,인문사회과정,20230615,37.565493,126.96365
고등학교,사립,7010230,이화여자외국어고등학교,Ewha Girls’ Foreign Language High School,서울특별시교육청,4516,서울특별시 중구 통일로4길 30,(순화동),02-2176-1992,http://www.ewha-gfh.hs.kr,02-2176-1994,여,특목고,N,일반계,외국어계열,전기,주간,19910911,19910911,B10,서울특별시교육청,서울특별시,주간,외국어계,영어과,20230615,37.5650742,126.9695204
고등학교,사립,7010227,이화여자고등학교,Ewha Girls’ High School,서울특별시교육청,4516,서울특별시 중구 정동길,/ 26 (정동),02-752-3353,http://www.ewha.hs.kr,02-319-0669,여,자율고,N,일반계,,전기,주간,18860531,18860531,B10,서울특별시교육청,서울특별시,주간,일반계,일반학과,20230615,37.5659031,126.9714545
고등학교,사립,7010226,은광여자고등학교,Eunkwang Girls’ High School,서울특별시교육청,6264,서울특별시 강남구 남부순환로359길 36,(도곡동),02-3462-2005,http://www.eunkwang.hs.kr,02-3462-2002,여,일반고,N,일반계,,후기,주간,19550315,19461015,B10,서울특별시교육청,서울특별시,주간,일반계,일반학과,20231112,37.4883926,127.0351007
고등학교,사립,7010223,우신고등학교,Wooshin High School,서울특별시교육청,8258,서울특별시 구로구 부일로 917,/ 우신고등학교 (궁동),02-2610-1599,http://wooshin.sen.hs.kr,02-2610-1559,남,일반고,N,일반계,,후기,주간,19740105,19740523,B10,서울특별시교육청,서울특별시,주간,일반계,일반학과,20230615,37.4931373,126.8307902
고등학교,사립,7010222,용화여자고등학교,Yonghwa Girls’ High School,서울특별시교육청,1687,서울특별시 노원구 동일로 1461,/ 용화여자고등학교 (상계동/용화여자고등학교),02-950-3500,http://www.yonghwa.hs.kr/,02-933-1677,여,일반고,N,일반계,,후기,주간,19871215,19870422,B10,서울특별시교육청,서울특별시,주간,일반계,일반학과,20230615,37.6585998,127.0584286
고등학교,사립,7010221,용문고등학교,Yongmoon High School,서울특별시교육청,2843,서울특별시 성북구 고려대로17가길 46,(안암동2가/ 용문중고등학교),02-928-3871,http://www.ymoon.hs.kr/,02-927-0860,남,일반고,N,일반계,,후기,주간,19461012,19461012,B10,서울특별시교육청,서울특별시,주간,일반계,공통과정,20230615,37.5883592,127.0256033
고등학교,사립,7010220,오산고등학교,Osan High School,서울특별시교육청,4396,서울특별시 용산구 보광로7길 17,(보광동),02-7999-500,http://www.osan.hs.kr,02-7999-699,남,일반고,N,일반계,,후기,주간,19071224,19071224,B10,서울특별시교육청,서울특별시,주간,일반계,자연과정,20250420,,
고등학교,사립,7010219,예일여자고등학교,Yale Girls’ High School,서울특별시교육청,3412,서울특별시 은평구 연서로 117,/ 예일여자고등학교 (구산동/수위실),02-380-0812,www.yale.hs.kr,02-380-0840,여,일반고,N,일반계,,후기,주간,19650926,19650926,B10,서울특별시교육청,서울특별시,주간,일반계,자연과정,20230615,,
고등학교,사립,7010218,영훈고등학교,Younghoon High School,서울특별시교육청,1211,서울특별시 강북구 도봉로13가길 19,(미아동/학교법인영훈학원),02-986-2500,http://www.younghoon.hs.kr,02-983-0217,남여공학,일반고,N,일반계,,후기,주간,19721229,19730327,B10,서울특별시교육청,서울특별시,주간,일반계,일반학과,20230615,37.6139309,127.027783
고등학교,사립,7010217,영파여자고등학교,Youngpa Girls` High School,서울특별시교육청,5529,서울특별시 송파구 올림픽로 565,/ 영파여자고등학교 (풍납동),02-483-8881,http://youngpa.hs.kr,02-488-2358,여,일반고,N,일반계,,후기,주간,19721229,19671028,B10,서울특별시교육청,서울특별시,주간,일반계,공통과정,20230615,,
고등학교,사립,7010216,영일고등학교,Youngil High School,서울특별시교육청,7669,서울특별시 강서구 등촌로51가길 26,/ 영일고등학교 (등촌동),02-2653-8134,http://youngil.hs.kr,02-2652-2846,남,일반고,N,일반계,,후기,주간,19740607,19750515,B10,서울특별시교육청,서울특별시,주간,일반계,자연과정(남),20230615,37.5476386,126.8617173
고등학교,사립,7010215,영신여자고등학교,Youngshin Girls’ High School,서울특별시교육청,1721,서울특별시 노원구 중계로16나길 13,(중계동/영신여자고등학교),02-930-8455,http://ys.sen.hs.kr,02-934-8565,여,일반고,N,일반계,,후기,주간,19871215,19871215,B10,서울특별시교육청,서울특별시,주간,일반계,일반학과,20230615,37.6520576,127.082982
고등학교,사립,7010214,영락고등학교,Youngnak High School,서울특별시교육청,8831,서울특별시 관악구 청룡16길 25,/ 영락고등학교 (봉천동),02-884-1003,https://yrgo.sen.hs.kr/,02-884-8741,남여공학,일반고,N,일반계,,후기,주간,19590409,19550301,B10,서울특별시교육청,서울특별시,주간,일반계,공통과정(남),20230615,37.4765485,126.9449592
고등학교,사립,7010212,영동고등학교,Young Dong High School,서울특별시교육청,6065,서울특별시 강남구 선릉로 742,(청담동/ 영동고등학교),02-542-5071,yd.sen.hs.kr,02-542-5075,남,일반고,N,일반계,,후기,주간,19720418,19730603,B10,서울특별시교육청,서울특별시,주간,일반계,자연과정,20230615,37.5204732,127.0419126
고등학교,사립,7010209,양천고등학교,Yangcheon High School,서울특별시교육청,8108,서울특별시 양천구 신정로14길 13,(신정동/양천고등학교),02-2605-5996,http://www.yangcheoncschool.net,02-2605-5986,남,일반고,N,일반계,,후기,주간,19840206,19840312,B10,서울특별시교육청,서울특별시,주간,일반계,자연과정,20230615,37.5087523,126.8455692
고등학교,사립,7010208,양정고등학교,Yangchung High School,서울특별시교육청,7985,서울특별시 양천구 안양천로 1039,(목동/양정고등학교),02-2649-7071,http://www.yangchung.hs.kr,02-2649-7079,남,자율고,N,일반계,,전기,주간,19050512,19050512,B10,서울특별시교육청,서울특별시,주간,일반계,자연과정,20230615,37.5354155,126.8879571
고등학교,사립,7010206,신일고등학교,Shin-il High School,서울특별시교육청,1133,서울특별시 강북구 솔매로49길 20,(미아동/신일중고등학교),02-944-9900,http://www.shin-il.hs.kr,02-986-9565,남,자율고,N,일반계,,전기,주간,19661013,19661013,B10,서울특별시교육청,서울특별시,주간,일반계,일반학과,20230615,37.6282419,127.0282144
고등학교,사립,7010205,신광여자고등학교,Shinkwang Girls’ High School,서울특별시교육청,4313,서울특별시 용산구 청파로 263,/ 신광여자고등학교 (청파동3가),02-710-6940,http://www.shinkwang.hs.kr,02-703-6910,여,일반고,N,일반계,,후기,주간,19530608,19530608,B10,서울특별시교육청,서울특별시,주간,일반계,일반학과,20230615,37.5428726,126.9696692
고등학교,사립,7010204,숭의여자고등학교,Soongeui Girls’ High School,서울특별시교육청,6944,서울특별시 동작구 여의대방로36길 79,/ 숭의여자고등학교 (대방동),02-810-7800,http://soongeui.sen.hs.kr,02-813-0976,여,일반고,N,일반계,,후기,주간,19031031,19031031,B10,서울특별시교육청,서울특별시,주간,일반계,자연과정,20230615,37.5077372,126.9287846
고등학교,사립,7010203,숭실고등학교,Soongsil High School,서울특별시교육청,3445,서울특별시 은평구 은평터널로7길 6,(신사동),02-373-5910,http://www.soongsil.net,02-374-7166,남,일반고,N,일반계,,후기,주간,18971010,18971010,B10,서울특별시교육청,서울특별시,주간,일반계,기계과,20230615,37.5933824,126.9038029
고등학교,사립,7010202,숭문고등학교,Soongmoon High School,서울특별시교육청,4126,서울특별시 마포구 숭문길 99,(대흥동),02-716-2980,http://soongmoon.sen.hs.kr,02-711-2980,남,자율고,N,일반계,,전기,주간,19460828,19460828,B10,서울특별시교육청,서울특별시,주간,일반계,자연과정,20230615,37.5508876,126.9457624
고등학교,사립,7010201,숙명여자고등학교,Sookmyung Girls’ High School,서울특별시교육청,6277,서울특별시 강남구 남부순환로 2807,/ 숙명여자고등학교 (도곡동),02-3462-5011,http://www.sookmyung.hs.kr,02-3462-0791,여,일반고,N,일반계,,후기,주간,19060522,19060522,B10,서울특별시교육청,서울특별시,주간,일반계,인문사회과정,20230615,37.4907779,127.0521216
고등학교,사립,7010200,송곡여자고등학교,Songgok Girls’ High School,서울특별시교육청,2057,서울특별시 중랑구 양원역로 67,(망우동),02-434-4598,http://www.songgok.hs.kr,02-438-8508,여,일반고,N,일반계,,후기,주간,19721231,19730524,B10,서울특별시교육청,서울특별시,주간,일반계,공통과정,20230615,37.6068609,127.1049732
고등학교,사립,7010199,송곡고등학교,Songgok High School,서울특별시교육청,2062,서울특별시 중랑구 양원역로 50,(망우동/송곡고등학교),02-435-0660,http://sg.hs.kr,02-437-3093,남,일반고,N,일반계,,후기,주간,19861231,19861231,B10,서울특별시교육청,서울특별시,주간,일반계,일반학과,20230615,37.60543,127.1073164
고등학교,사립,7010198,세화여자고등학교,Sehwa Girls’ High School,서울특별시교육청,6548,서울특별시 서초구 신반포로 56-7,/ 세화여자고등학교,02-537-2131,http://www.sehwa-gs.hs.kr,02-595-6586,여,자율고,N,일반계,,전기,주간,19771230,19780303,B10,서울특별시교육청,서울특별시,주간,일반계,인문사회과정,20230615,37.5021867,126.9934131
고등학교,사립,7010197,세화고등학교,Sehwa High School,서울특별시교육청,6548,서울특별시 서초구 신반포로 56-7,(반포동),02-594-8721,http://www.sehwa.hs.kr,02-599-3101,남,자율고,N,일반계,,전기,주간,19861230,19861230,B10,서울특별시교육청,서울특별시,주간,일반계,일반학과,20230615,37.5015469,126.9917689
고등학교,사립,7010196,성심여자고등학교,Sacred Heart Girls’ High School,서울특별시교육청,4361,서울특별시 용산구 원효로19길 49,/ 성심여자고등학교 (원효로4가),02-702-5501,http://sacredheart.sen.hs.kr,02-711-6887,여,일반고,N,일반계,,후기,주간,19600126,19600401,B10,서울특별시교육청,서울특별시,주간,일반계,자연과정,20230615,37.534815,126.953332
고등학교,사립,7010195,성신여자고등학교,Sungshin Girls’ High School,서울특별시교육청,2840,서울특별시 성북구 동소문로26가길 80,(돈암동),02-6930-9100,http://www.sungshin.hs.kr,02-924-0540,여,일반고,N,일반계,,후기,주간,19360428,19360428,B10,서울특별시교육청,서울특별시,주간,일반계,인문사회과정,20230615,37.5938563,127.0225384
고등학교,사립,7010194,성보고등학교,Sungbo High School,서울특별시교육청,8773,서울특별시 관악구 남부순환로156길 39,(신림동/성보고등학교),02-862-8409,http://www.sungbo.hs.kr,02-3281-6851,남,일반고,N,일반계,,후기,주간,19811231,19820531,B10,서울특별시교육청,서울특별시,주간,일반계,공통과정,20230615,37.4801738,126.9200321
고등학교,사립,7010193,성남고등학교,Sungnam High School,서울특별시교육청,6946,서울특별시 동작구 대방동길 74,/ 성남고등학교 (대방동),02-815-3645,http://www.sungnam.sen.hs.kr,02-815-1333,남,일반고,N,일반계,,후기,주간,19380224,19380425,B10,서울특별시교육청,서울특별시,주간,일반계,자연과정,20230615,37.5054479,126.9262267
고등학교,사립,7010192,선화예술고등학교,Sunhwa Arts High School,서울특별시교육청,4991,서울특별시 광진구 천호대로 664,(능동),02-2204-1303,http://www.sunhwa.org,02-458-4582,남여공학,특목고,N,일반계,예술계열,전기,주간,19741201,19760705,B10,서울특별시교육청,서울특별시,주간,예술계,음악과,20230615,37.5500443,127.0875923
고등학교,사립,7010191,선정고등학교,Sunjung High School,서울특별시교육청,3327,서울특별시 은평구 서오릉로20길 19,/ 선정고등학교 (갈현동),02-3156-1500,http://www.sunjung.hs.kr,02-355-2259,남여공학,일반고,N,일반계,,후기,주간,19500522,19500522,B10,서울특별시교육청,서울특별시,주간,일반계,체육과,20230615,37.61817,126.9082652
고등학교,사립,7010190,선일여자고등학교,Sunil Girls’ High School,서울특별시교육청,3322,서울특별시 은평구 갈현로29길 27,(갈현동),02-355-5649,http://sunil.sen.hs.kr,02-388-1698,여,일반고,N,일반계,,후기,주간,19711227,19711227,B10,서울특별시교육청,서울특별시,주간,일반계,자연과정,20230615,37.6192522,126.9128206
고등학교,사립,7010189,선덕고등학교,Sunduck High School,서울특별시교육청,1375,서울특별시 도봉구 시루봉로 53,/  선덕고등학교 (쌍문동),02-997-4111,http://sunduck.sen.hs.kr,02-994-1797,남,자율고,N,일반계,,전기,주간,19821003,19830305,B10,서울특별시교육청,서울특별시,주간,일반계,공통과정,20230615,37.6546011,127.0265847
고등학교,사립,7010188,서울외국어고등학교,Seoul Foreign Language High School,서울특별시교육청,1489,서울특별시 도봉구 덕릉로66길 22,(창동),1670-1005,http://sfl.sen.hs.kr,02-994-2435,남여공학,특목고,N,일반계,외국어계열,전기,주간,19931005,19931005,B10,서울특별시교육청,서울특별시,주간,외국어계,프랑스어과,20230615,37.6452287,127.0519717
고등학교,사립,7010187,서울예술고등학교,Seoul Arts High School,서울특별시교육청,3011,서울특별시 종로구 평창문화로 70,/ 서울예술고등학교 (평창동),02-2287-0500,http://yego.or.kr,02-2287-0400,남여공학,특목고,N,일반계,예술계열,전기,주간,19530321,19530321,B10,서울특별시교육청,서울특별시,주간,예술계,미술과,20230615,37.6054415,126.969068
고등학교,사립,7010186,서울세종고등학교,Seoul Sejong High School,서울특별시교육청,6348,서울특별시 강남구 광평로51길 36,/ 서울세종고등학교 (수서동),070-8668-3119,http://www.seoulsejong.hs.kr/,02-451-3292,남여공학,일반고,N,일반계,,후기,주간,19581228,19581228,B10,서울특별시교육청,서울특별시,주간,일반계,공통과정,20230615,,
고등학교,사립,7010185,서울미술고등학교,Seoul Art High School,서울특별시교육청,8802,서울특별시 관악구 남부순환로247길 26,(봉천동/서울미술고등학교),02-872-2111,http://www.seoul-art.or.kr,02-872-2115,남여공학,일반고,N,일반계,,전기,주간,19710926,19720525,B10,서울특별시교육청,서울특별시,주간,예술계,미술과,20230615,37.4770462,126.9671246
고등학교,사립,7010183,서문여자고등학교,Suhmoon Girls’ High School,서울특별시교육청,6565,서울특별시 서초구 동광로12길 84,(방배동/서문여자고등학교),02-599-6061,http://suhmoon.sen.hs.kr,02-594-8065,여,일반고,N,일반계,,후기,주간,19721229,19721229,B10,서울특별시교육청,서울특별시,주간,일반계,인문사회과정,20230615,37.4892906,126.9856011
고등학교,사립,7010182,서라벌고등학교,Sorabol High School,서울특별시교육청,1745,서울특별시 노원구 한글비석로5길 18,/ (중계1동 313/ 서라벌고등학교),02-2092-2200,http://sorabol.sen.hs.kr,02-2092-2270,남,일반고,N,일반계,,후기,주간,19560305,19560305,B10,서울특별시교육청,서울특별시,주간,일반계,공통과정,20230615,37.6448854,127.0756115
고등학교,사립,7010181,상일여자고등학교,Sangil Girls High School,서울특별시교육청,5282,서울특별시 강동구 천호대로219길 61,/ 상일여자고등학교 (상일동),02-428-0435,http://sangil.hs.kr,02-481-3130,여,일반고,N,일반계,,후기,주간,19791006,19791006,B10,서울특별시교육청,서울특별시,주간,일반계,자연과정,20230615,,
고등학교,사립,7010179,상문고등학교,Sangmoon High School,서울특별시교육청,6707,서울특별시 서초구 명달로 45,(방배동/상문고등학교),02-586-3141,http://www.sangmoon.hs.kr,02-586-3136,남,일반고,N,일반계,,후기,주간,19721223,19721223,B10,서울특별시교육청,서울특별시,주간,일반계,일반학과,20230615,37.48013,127.0044537
고등학교,사립,7010178,상명대학교사범대학부속여자고등학교,Girls` High School Attached to College of Education/ Sangmyung University,서울특별시교육청,3016,서울특별시 종로구 홍지문2길 20,(홍지동/상명대학교),02-396-6302,http://sangmyung-agh.hs.kr,02-396-6305,여,일반고,N,일반계,,후기,주간,19661219,19670307,B10,서울특별시교육청,서울특별시,주간,일반계,일반학과,20230615,,
고등학교,사립,7010174,보성여자고등학교,Bosung Girls` High School,서울특별시교육청,4338,서울특별시 용산구 신흥로3가길 66,/ 보성여자고등학교 (용산동2가),07040003030,http://www.bosung.hs.kr,027984145,여,일반고,N,일반계,,후기,주간,19071010,19071010,B10,서울특별시교육청,서울특별시,주간,일반계,인문사회과정,20230615,37.542746,126.984422
고등학교,사립,7010173,보성고등학교,Posung High School,서울특별시교육청,5649,서울특별시 송파구 양재대로 1278,(방이동/보성중고등학교),02-2152-2430,http://posung.sen.hs.kr,02-449-9355,남,일반고,N,일반계,,후기,주간,19060905,19060905,B10,서울특별시교육청,서울특별시,주간,일반계,자연과정,20230615,37.5196929,127.1346255
고등학교,사립,7010172,백암고등학교,Baegam High School,서울특별시교육청,8080,서울특별시 양천구 신정로13길 16,/ 백암고등학교 (신정동),02-2696-0110,http://baegam.sen.hs.kr,02-2691-0111,남여공학,일반고,N,일반계,,후기,주간,19840409,19841217,B10,서울특별시교육청,서울특별시,주간,일반계,공통과정,20230615,37.5118402,126.8442149
고등학교,사립,7010171,배화여자고등학교,Paiwha Girls` High School,서울특별시교육청,3039,서울특별시 종로구 필운대로1길 34,(필운동/배화여자고등학교),02-724-0300,http://paiwha.sen.hs.kr/,02-723-0752,여,일반고,N,일반계,,후기,주간,18981002,18981002,B10,서울특별시교육청,서울특별시,주간,일반계,인문사회과정(여),20230615,37.5785452,126.966875
고등학교,사립,7010170,배재고등학교,Paichai High School,서울특별시교육청,5234,서울특별시 강동구 고덕로 227,(고덕동/배재중 고등학교),02-428-1885,www.paichai.hs.kr,02-429-7845,남,자율고,N,일반계,,전기,주간,18850608,18850608,B10,서울특별시교육청,서울특별시,주간,일반계,일반학과,20230615,37.5563388,127.1511998
고등학교,사립,7010169,배문고등학교,Baemoon High School,서울특별시교육청,4305,서울특별시 용산구 효창원로 258,(서계동),02-3480-7100,http://www.baemoon.hs.kr,02-714-0062,남,일반고,N,일반계,,후기,주간,19551231,19551231,B10,서울특별시교육청,서울특별시,주간,일반계,직업과정,20230615,37.549925,126.9645807
고등학교,사립,7010168,배명고등학교,Baemyeong High School,서울특별시교육청,5598,서울특별시 송파구 삼학사로 11,/ 배명고등학교 (삼전동),070-4014-2632,http://www.bm.hs.kr,02-421-8716,남,일반고,N,일반계,,후기,주간,19490307,19341007,B10,서울특별시교육청,서울특별시,주간,일반계,공통과정,20230615,37.4987937,127.0957363
고등학교,사립,7010167,미림여자고등학교,Mirim Girls’ High School,서울특별시교육청,8821,서울특별시 관악구 호암로 546,/ 미림여자고등학교 (신림동),02-886-1811,http://www.mirim.hs.kr,02-878-2188,여,일반고,N,일반계,,후기,주간,19671230,19790531,B10,서울특별시교육청,서울특별시,주간,일반계,공통과정,20230615,37.4670306,126.9334136
고등학교,사립,7010166,문일고등학교,Moonil High School,서울특별시교육청,8634,서울특별시 금천구 시흥대로47길 45,(시흥동),02-802-2301,http://moonil.hs.kr,02-893-5094,남,일반고,N,일반계,,후기,주간,19741227,19741227,B10,서울특별시교육청,서울특별시,주간,일반계,자연과정,20230615,37.4492245,126.8991742
고등학교,사립,7010163,명지고등학교,Myongji High School,서울특별시교육청,3656,서울특별시 서대문구 명지2길 56,/ 명지고등학교 (홍은동),02-303-1540,http://www.myongjigo.net/,02-309-7289,남여공학,일반고,N,일반계,,후기,주간,19480412,19480412,B10,서울특별시교육청,서울특별시,주간,일반계,자연과정,20230615,37.584312,126.9274645
고등학교,사립,7010160,명덕외국어고등학교,Myungduk Foreign Language High School,서울특별시교육청,7633,서울특별시 강서구 강서로47길 34-10,/ 명덕외국어고등학교 (내발산동/명덕고등학교),02-2665-8821,http://www.mdfh.or.kr,02-2665-5777,남여공학,특목고,N,일반계,외국어계열,전기,주간,19910911,19910911,B10,서울특별시교육청,서울특별시,주간,외국어계,영어과,20230615,37.5541465,126.8334278
고등학교,사립,7010159,명덕여자고등학교,Myungduk Girls’ High School,서울특별시교육청,7633,서울특별시 강서구 강서로47길 34-10,(내발산동),02-2664-8815,mdgh.sen.hs.kr,02-2664-8343,여,일반고,N,일반계,,후기,주간,19831226,19841015,B10,서울특별시교육청,서울특별시,주간,일반계,일반학과,20230615,37.5538965,126.8346523
고등학교,사립,7010158,명덕고등학교,Myungduk High School,서울특별시교육청,7633,서울특별시 강서구 강서로47길 34-10,(내발산동/명덕고등학교),02-2664-8817,http://myungduk.sen.hs.kr,02-2664-8875,남,일반고,N,일반계,,후기,주간,19841217,19841015,B10,서울특별시교육청,서울특별시,주간,일반계,공통과정,20230615,37.5538932,126.8354905
고등학교,사립,7010157,마포고등학교,Mapo High School,서울특별시교육청,7576,서울특별시 강서구 화곡로 403,(등촌동/마포고등학교),02-3663-2583,http://www.mapo.hs.kr,02-3663-2590,남,일반고,N,일반계,,후기,주간,19530601,19530601,B10,서울특별시교육청,서울특별시,주간,일반계,자연과정,20230615,37.5598168,126.8532825
고등학교,사립,7010156,동일여자고등학교,Dong-il Girls’ High School,서울특별시교육청,8656,서울특별시 금천구 탑골로10길 45,(시흥동/ 동일여자고등학교),02-803-9806,http://www.dongilg.hs.kr,02-894-5554,여,일반고,N,일반계,,후기,주간,19721219,19680910,B10,서울특별시교육청,서울특별시,주간,일반계,공통과정,20230615,37.4508374,126.916651
고등학교,사립,7010155,동성고등학교,Dongsung High School,서울특별시교육청,3083,서울특별시 종로구 대학로 156,(혜화동/동성중고교),02-3671-9100,http://www.dongsung.hs.kr,02-765-8239,남,자율고,N,일반계,,전기,주간,19070910,19381208,B10,서울특별시교육청,서울특별시,주간,일반계,공통과정,20230615,37.5850668,127.003081
고등학교,사립,7010154,동북고등학교,Dongbuk High School,서울특별시교육청,5412,서울특별시 강동구 강동대로 305,(둔촌동),02-477-2280,http://dongbuk.hs.kr,02-488-8093,남,일반고,N,일반계,,후기,주간,19530604,19530604,B10,서울특별시교육청,서울특별시,주간,일반계,일반학과,20230615,37.5197074,127.1412407
고등학교,사립,7010153,동명여자고등학교,Dongmyung Girls’ High School,서울특별시교육청,3390,서울특별시 은평구 통일로 793,(대조동/동명여자고등학교),02-385-0652,http://dongmyung.sen.hs.kr,02-356-4706,여,일반고,N,일반계,,후기,주간,19210603,19210603,B10,서울특별시교육청,서울특별시,주간,일반계,인문사회과정,20230615,37.6141284,126.9244093
고등학교,사립,7010152,동덕여자고등학교,Dongduk Girls’ High School,서울특별시교육청,6700,서울특별시 서초구 효령로2길 123-5,/ 동덕여자고등학교 (방배동),02-586-5418,http://dongduk.sen.hs.kr,02-582-7306,여,일반고,N,일반계,,후기,주간,19100428,19100428,B10,서울특별시교육청,서울특별시,주간,일반계,자연과정,20230615,,
고등학교,사립,7010151,동국대학교사범대학부속고등학교,High School Attached to College of Education Dongguk University,서울특별시교육청,2520,서울특별시 동대문구 장안벚꽃로 201,(장안동/동국대학교사범대학부속고등학교),02-6913-1511,http://ddbk.sen.hs.kr,02-6913-1588,남,일반고,N,일반계,,후기,주간,19470624,19470624,B10,서울특별시교육청,서울특별시,주간,일반계,예체능과정,20230615,37.5780973,127.0746858
고등학교,사립,7010150,덕원예술고등학교,Deokwon Arts High School,서울특별시교육청,7640,서울특별시 강서구 강서로45길 91-44,/ 덕원예술고등학교 (내발산동),02-2660-7911,http://www.dwarts.hs.kr,02-2660-7914,남여공학,특목고,N,일반계,예술계열,전기,주간,19911107,19920429,B10,서울특별시교육청,서울특별시,주간,예술계,미술과,20230615,37.5494379,126.828448
고등학교,사립,7010149,덕원여자고등학교,Deokwon Girls’ High School,서울특별시교육청,7640,서울특별시 강서구 강서로45길 91-44,(내발산동/덕원여자고등학교),02-2660-7800,http://deokwon.sen.hs.kr,02-2660-7812,여,일반고,N,일반계,,후기,주간,19780429,19780429,B10,서울특별시교육청,서울특별시,주간,일반계,일반학과,20230623,37.5481415,126.8290412
고등학교,사립,7010148,덕성여자고등학교,Duksung Girls’ High School,서울특별시교육청,3061,서울특별시 종로구 율곡로3길 50,/ 덕성여자고등학교 (안국동),02-734-6871,http://duksung.sen.hs.kr,02-732-5569,여,일반고,N,일반계,,후기,주간,19200419,19451010,B10,서울특별시교육청,서울특별시,주간,일반계,자연과정,20230615,37.577991,126.9829716
고등학교,사립,7010147,대진여자고등학교,Daejin Girls’ High School,서울특별시교육청,1785,서울특별시 노원구 공릉로 438,/ 대진여자고등학교 (중계동),02-979-2327,http://www.daejinw.hs.kr,02-948-3951,여,일반고,N,일반계,,후기,주간,19880212,19880212,B10,서울특별시교육청,서울특별시,주간,일반계,인문사회과정,20230615,37.6465807,127.06736
고등학교,사립,7010146,대진고등학교,Daejin High School,서울특별시교육청,1807,서울특별시 노원구 공릉로62가길 47,/ 대진고등학교 (하계동),02-976-0067,http://www.dae-jin.hs.kr,02-971-6085,남,일반고,N,일반계,,후기,주간,19840613,19851024,B10,서울특별시교육청,서울특별시,주간,일반계,인문사회과정,20230615,37.6375975,127.0751285
고등학교,사립,7010145,대일외국어고등학교,Daeil Foreign Language High School,서울특별시교육청,2713,서울특별시 성북구 서경로 116,(정릉동/대일외국어고등학교),02-940-1000,www.daeil.or.kr,02-940-0605,남여공학,특목고,N,일반계,외국어계열,전기,주간,19840304,19840924,B10,서울특별시교육청,서울특별시,주간,외국어계,영어과,20230615,37.6137688,127.0142895
고등학교,사립,7010144,대일고등학교,Daeil High School,서울특별시교육청,7672,서울특별시 강서구 등촌로 105,(등촌동),070-4020-6400,https://daeil.sen.hs.kr/index.do,02-2644-1558,남,일반고,N,일반계,,후기,주간,19720926,19720926,B10,서울특별시교육청,서울특별시,주간,일반계,자연과정,20230615,37.5390862,126.8625586
고등학교,사립,7010143,대원외국어고등학교,Daewon Foreign Language High School,서울특별시교육청,4939,서울특별시 광진구 용마산로22길 26,(중곡동),02-2204-1530,http://www.dwfl.hs.kr/,02-2204-1537,남여공학,특목고,N,일반계,외국어계열,전기,주간,19831007,19840520,B10,서울특별시교육청,서울특별시,주간,일반계,국제어과,20230615,37.5636655,127.0891406
고등학교,사립,7010142,대원여자고등학교,Daewon Girls’ High School,서울특별시교육청,4939,서울특별시 광진구 용마산로22길 26,(중곡동),02-2204-1620,http://www.dwg.hs.kr,02-2204-1623,여,일반고,N,일반계,,후기,주간,19821013,19830520,B10,서울특별시교육청,서울특별시,야간,일반계,관악예술과,20230615,37.5624444,127.087184
고등학교,사립,7010141,대원고등학교,Daewon High School,서울특별시교육청,4939,서울특별시 광진구 용마산로22길 26,/ 대원고등학교 (중곡동),02-2204-1570,http://daewon.sen.hs.kr,82-2-2204-1577,남,일반고,N,일반계,,후기,주간,19770520,19770520,B10,서울특별시교육청,서울특별시,주간,일반계,자연과정,20230615,37.5631456,127.0895626
고등학교,사립,7010140,대신고등학교,Daeshin High School,서울특별시교육청,3029,서울특별시 종로구 사직로 9,(행촌동),02-736-0317,http://www.dae-shin.hs.kr/,02-736-0324,남,일반고,N,일반계,,후기,주간,19380405,19380405,B10,서울특별시교육청,서울특별시,주간,일반계,직업과정,20230615,,
고등학교,사립,7010139,대성고등학교,Daesung High School,서울특별시교육청,3322,서울특별시 은평구 갈현로29길 51-24,/ 대성고등학교 (갈현동),02-6252-1000,http://dae-sung.sen.hs.kr,02-386-2536,남,일반고,N,일반계,,전기,주간,19690109,19691016,B10,서울특별시교육청,서울특별시,주간,일반계,공통과정,20230615,,
고등학교,사립,7010138,대광고등학교,Daegwang High School,서울특별시교육청,2581,서울특별시 동대문구 안암로 6,/ 대광고등학교 (신설동),02-940-2202,http://www.dgh.hs.kr,02-926-3197,남,자율고,N,일반계,,전기,주간,19471125,19471025,B10,서울특별시교육청,서울특별시,주간,일반계,공통과정,20230615,37.5777633,127.024527
고등학교,사립,7010137,단국대학교사범대학부속고등학교,DanKook University High School,서울특별시교육청,6278,서울특별시 강남구 도곡로64길 21,(대치동),02-2191-2600,http://www.dan-kook.hs.kr,02-557-6837,남,일반고,N,일반계,,후기,주간,19831226,19831226,B10,서울특별시교육청,서울특별시,주간,일반계,공통과정,20230628,37.4957046,127.0566722
고등학교,사립,7010136,남강고등학교,Namkang High School,서울특별시교육청,8854,서울특별시 관악구 난곡로34길 80,(신림동),02-839-1701,http://www.namkang.hs.kr,02-839-1707,남,일반고,N,일반계,,후기,주간,19721229,19730302,B10,서울특별시교육청,서울특별시,주간,일반계,자연과정,20230615,37.4724219,126.924604
고등학교,사립,7010135,광영여자고등학교,Kwang-young Girls’ High School,서울특별시교육청,7909,서울특별시 양천구 남부순환로30길 17,/ 광영여자고등학교 (신월동),02-2697-5553,http://www.kyg.hs.kr,02-2697-5552,여,일반고,N,일반계,,후기,주간,19841217,19850306,B10,서울특별시교육청,서울특별시,주간,일반계,공통과정,20230615,37.5378957,126.8248789
고등학교,사립,7010134,광영고등학교,Kwangyoung High School,서울특별시교육청,7909,서울특별시 양천구 남부순환로30길 17,(신월동/광영고등학교),02-2650-2300,http://www.ky.hs.kr,02-2697-1002,남,일반고,N,일반계,,후기,주간,19850201,19850201,B10,서울특별시교육청,서울특별시,주간,일반계,일반학과,20230615,37.5376683,126.8232807
고등학교,사립,7010133,광신고등학교,Kwangshin High School,서울특별시교육청,8847,서울특별시 관악구 광신길 141,(신림동/광신중고등학교),02-881-8532,http://www.kwangshin.hs.kr,02-881-8566,남여공학,일반고,N,일반계,,후기,주간,19870120,19870102,B10,서울특별시교육청,서울특별시,주간,일반계,인문사회과정,20230615,37.4646078,126.9258113
고등학교,사립,7010132,광성고등학교,Kwangsung High School,서울특별시교육청,4097,서울특별시 마포구 신수로8길 20,(신수동),02-703-3457,http://kwangsung.sen.hs.kr,02-711-7397,남,일반고,N,일반계,,후기,주간,18940406,18940406,B10,서울특별시교육청,서울특별시,주간,일반계,일반학과,20230615,,
고등학교,사립,7010131,광문고등학교,Gwangmun High School,서울특별시교육청,5225,서울특별시 강동구 동남로 968,/ 광문고등학교 (고덕동),02-427-2870,http://gwangmun.sen.hs.kr,02-427-4357,남여공학,일반고,N,일반계,,후기,주간,19851105,19851105,B10,서울특별시교육청,서울특별시,주간,일반계,공통과정,20230615,37.5601611,127.158169
고등학교,사립,7010127,경희여자고등학교,Kyung Hee Girls' High School,서울특별시교육청,2447,서울특별시 동대문구 경희대로 26,경희여자고등학교,02-966-4560,http://kyunghee.sen.hs.kr,02-967-2429,여,일반고,N,일반계,,후기,주간,19600209,19600415,B10,서울특별시교육청,서울특별시,주간,일반계,인문사회과정,20240414,37.5947582,127.0514376
고등학교,사립,7010126,경희고등학교,Kyunghee High School,서울특별시교육청,2447,서울특별시 동대문구 경희대로 26,(회기동/ 경희고등학교),02-966-3782,http://www.kyungheeboy.hs.kr/,02-962-3643,남,자율고,N,일반계,,전기,주간,19591212,19591212,B10,서울특별시교육청,서울특별시,주간,일반계,인문사회과정,20230615,37.5949865,127.0549097
고등학교,사립,7010125,경신고등학교,Kyungshin High School,서울특별시교육청,3067,서울특별시 종로구 혜화로 74,(혜화동/경신중고등학교),02-762-0393,http://kyungshin.hs.kr,02-762-0387,남,일반고,N,일반계,,후기,주간,18850509,18850509,B10,서울특별시교육청,서울특별시,주간,일반계,공통과정,20230615,37.5915981,127.0011518
고등학교,사립,7010124,경성고등학교,Gyeongseong High School,서울특별시교육청,3977,서울특별시 마포구 성미산로 111,/ 경성고등학교 (연남동),02-3140-1168,http://www.gyeongseong.hs.kr,02-334-7533,남,일반고,N,일반계,,후기,주간,19671229,19671023,B10,서울특별시교육청,서울특별시,주간,일반계,공통과정,20230615,,
고등학교,사립,7010122,경복여자고등학교,Kyungbok Girls’ High School,서울특별시교육청,7589,서울특별시 강서구 화곡로63길 40,/ 경복여자고등학교 (등촌동),02-3661-1741,http://www.kb.hs.kr,02-3661-3795,여,일반고,N,일반계,,후기,주간,19931002,19931002,B10,서울특별시교육청,서울특별시,주간,일반계,음악과,20230615,37.5583048,126.8511926
고등학교,사립,7010120,경문고등학교,Kyungmoon High School,서울특별시교육청,6995,서울특별시 동작구 동작대로 171,/ 경문고등학교 (동작동),02-535-1301,http://kyungmoon.sen.hs.kr,02-535-1230,남,일반고,N,일반계,,전기,주간,19800124,19800507,B10,서울특별시교육청,서울특별시,주간,일반계,인문사회과정,20230615,37.4924765,126.9816861
고등학교,사립,7010119,건국대학교사범대학부속고등학교,Konkuk University High School,서울특별시교육청,5029,서울특별시 광진구 능동로 120,/ 건국대학교사범대학부속고등학교 (화양동),070-7012-3500,http://konkuk.sen.hs.kr,02-456-0646,남여공학,일반고,N,일반계,,후기,주간,19800131,19800515,B10,서울특별시교육청,서울특별시,주간,일반계,자연과정,20230615,,
고등학교,사립,7010118,강서고등학교,Gangseo High School,서울특별시교육청,7958,서울특별시 양천구 목동중앙남로 27,/ 강서고등학교 (목동),02-2642-0725,http://gangseo.sen.hs.kr,02-2651-3046,남,일반고,N,일반계,,후기,주간,19831101,19831101,B10,서울특별시교육청,서울특별시,주간,일반계,인문사회과정,20230615,,
고등학교,사립,7010117,강동고등학교,Kangdong High School,서울특별시교육청,5279,서울특별시 강동구 구천면로 572,(상일동),02-427-0231,http://kangdong.sen.hs.kr,02-441-3494,남여공학,일반고,N,일반계,,후기,주간,19841217,19850908,B10,서울특별시교육청,서울특별시,주간,일반계,인문사회과정,20230615,37.5499378,127.1606798
고등학교,공립,7010116,혜화여자고등학교,Hyehwa Girls’ High School,서울특별시교육청,1095,서울특별시 강북구 인수봉로 127,(수유동/혜화여자고등학교),02-985-8415,http://hyehwa-h.sen.hs.kr,02-987-8343,여,일반고,N,일반계,,후기,주간,19660305,19660305,B10,서울특별시교육청,서울특별시,주간,일반계,기계과,20230615,,
고등학교,공립,7010115,한성과학고등학교,Hansung Science High School,서울특별시교육청,3732,서울특별시 서대문구 통일로 279-79,/ 한성과학고등학교 (현저동),02-6917-0000,https://hansungsh.sen.hs.kr,02-6917-0099,남여공학,특목고,N,일반계,과학계열,전기,주간,19920301,19920925,B10,서울특별시교육청,서울특별시,주간,과학계,과학과,20230615,37.5760839,126.9530282
고등학교,공립,7010114,태릉고등학교,Taereung High School,서울특별시교육청,2021,서울특별시 중랑구 신내로23길 36,/ 태릉고등학교 (묵동),02-6211-8585,http://taereung.sen.hs.kr,02-6211-8586,남여공학,일반고,N,일반계,,후기,주간,19841217,19850507,B10,서울특별시교육청,서울특별시,주간,일반계,공통과정,20230709,37.6189619,127.0852711
고등학교,공립,7010113,청량고등학교,Chungryang High School,서울특별시교육청,2461,서울특별시 동대문구 왕산로 303,(청량리동/ 청량고등학교),02-959-4362,http://www.chungryang.hs.kr,02-959-1887,남여공학,자율고,N,일반계,,후기,주간,19811231,19820402,B10,서울특별시교육청,서울특별시,주간,일반계,인문사회과정,20230615,37.5884547,127.0505553
고등학교,공립,7010112,청담고등학교,Chungdam High School,서울특별시교육청,6009,서울특별시 강남구 압구정로 419,/ 청담고등학교 (압구정동),02-3496-8203,http://www.chungdam.hs.kr,02-3496-8398,남여공학,일반고,N,일반계,,후기,주간,19900120,19900522,B10,서울특별시교육청,서울특별시,주간,일반계,인문사회과정,20230615,37.5281754,127.0434009
고등학교,공립,7010110,창덕여자고등학교,Changduk Girls’ High School,서울특별시교육청,5649,서울특별시 송파구 양재대로 1240,/ 창덕여자고등학교 (방이동),02-401-4924,http://changduk.sen.hs.kr,02-430-5601,여,일반고,N,일반계,,후기,주간,19410402,19410422,B10,서울특별시교육청,서울특별시,주간,일반계,자연과정,20230615,37.516048,127.1401665
고등학교,공립,7010109,중화고등학교,Junghwa high school,서울특별시교육청,2047,서울특별시 중랑구 봉화산로27길 62,(중화동/ 중화고등학교),02-491-6807,http://www.jung-hwa.hs.kr,02-438-9762,남여공학,일반고,N,일반계,,후기,주간,19871215,19880423,B10,서울특별시교육청,서울특별시,주간,일반계,일반학과,20230615,37.604736,127.0831384
고등학교,공립,7010108,중경고등학교,Jungkyung High School,서울특별시교육청,4426,서울특별시 용산구 이촌로84길 34,(이촌동),02-793-2540,http://jungkyung.hs.kr,02-796-5727,남여공학,자율고,N,일반계,,후기,주간,19820301,19820301,B10,서울특별시교육청,서울특별시,주간,일반계,자연과정,20230615,,
고등학교,공립,7010107,잠실고등학교,Jamsil High School,서울특별시교육청,5507,서울특별시 송파구 올림픽로33길 71,/ 잠실고등학교 (신천동),02-2141-3700,http://jamsil.sen.hs.kr,02-2141-3880,남,일반고,N,일반계,,후기,주간,19821130,19830404,B10,서울특별시교육청,서울특별시,주간,일반계,공통과정,20230702,37.5222216,127.1062137
고등학교,공립,7010106,잠신고등학교,Jamsin High School,서울특별시교육청,5502,서울특별시 송파구 잠실로 24,/ 잠신고등학교 (잠실동),02-417-8771,http://jamsin.sen.hs.kr,02-421-9751,남여공학,일반고,N,일반계,,후기,주간,19881223,19881223,B10,서울특별시교육청,서울특별시,주간,일반계,일반학과,20230615,37.5150354,127.0891643
고등학교,공립,7010105,자양고등학교,Jayang High School,서울특별시교육청,5069,서울특별시 광진구 뚝섬로37길 28,(자양동/자양고등학교),02-2049-4100,http://jayang.sen.hs.kr,02-2049-4288,남여공학,일반고,N,일반계,,후기,주간,19831226,19840515,B10,서울특별시교육청,서울특별시,주간,일반계,공통과정,20230615,37.5355262,127.0729924
고등학교,공립,7010104,인헌고등학교,Inhun High School,서울특별시교육청,8796,서울특별시 관악구 인헌9길 74,(봉천동/인헌고등학교),02-886-6253,inhun.sen.hs.kr,02-872-0495,남여공학,일반고,N,일반계,,후기,주간,19841207,19850605,B10,서울특별시교육청,서울특별시,주간,일반계,직업과정,20230615,37.471677,126.9699413
고등학교,공립,7010103,용산고등학교,Yongsan High School,서울특별시교육청,4353,서울특별시 용산구 두텁바위로 60,(용산동2가/용산고등학교),02-3706-6700,http://yongsan.sen.hs.kr,02-318-4439,남,일반고,N,일반계,,후기,주간,19460909,19460909,B10,서울특별시교육청,서울특별시,주간,일반계,공통과정,20230615,37.5452459,126.9802429
고등학교,공립,7010101,오금고등학교,Ogeum High School,서울특별시교육청,5660,서울특별시 송파구 중대로 247,(오금동),02-406-0592,http://ogeum.sen.hs.kr,02-448-5671,남여공학,일반고,N,일반계,,후기,주간,19871215,19880421,B10,서울특별시교육청,서울특별시,주간,일반계,일반학과,20230615,37.5043393,127.1293774
고등학교,공립,7010100,영신고등학교,YOUNGSHIN HIGH SCHOOL,서울특별시교육청,7436,서울 영등포구 대방천로14길 18,/ 영신고등학교 (신길동/영신고등학교),02-834-6051,http://www.ysh.or.kr,02-831-3539,남여공학,일반고,N,일반계,,후기,주간,19900120,19910501,B10,서울특별시교육청,서울특별시,주간,일반계,인문사회과정(여),20230615,37.4974931,126.9096921
고등학교,공립,7010099,영등포여자고등학교,Yeongdeungpo Girls’ High School,서울특별시교육청,7310,서울특별시 영등포구 영등포로62길 13,/ 영등포여자고등학교  (신길동)184-3,02-843-0479,http://ydpg.hs.kr,02-831-1114,여,일반고,N,일반계,,후기,주간,19530331,19530331,B10,서울특별시교육청,서울특별시,주간,일반계,직업과정(여),20230615,37.5152178,126.915163
고등학교,공립,7010098,영등포고등학교,Youngdeungpo High School,서울특별시교육청,6933,서울특별시 동작구 등용로8길 5,(대방동/영등포고등학교),02-816-8323,http://www.ydp.hs.kr,02-824-4370,남,일반고,N,일반계,,후기,주간,19590313,19590407,B10,서울특별시교육청,서울특별시,주간,일반계,인문사회과정(남),20230615,37.5080709,126.9340018
고등학교,공립,7010097,여의도여자고등학교,Yeouido Girls’High School,서울특별시교육청,7341,서울특별시 영등포구 국제금융로7가길 13,/ 여의도여자고등학교 (여의도동),02-3780-4400,http://www.yeouido-gh.hs.kr,02-3780-4424,여,일반고,N,일반계,,후기,주간,19840301,19840506,B10,서울특별시교육청,서울특별시,주간,일반계,공통과정,20230615,37.5227283,126.9349825
고등학교,공립,7010096,여의도고등학교,Yeouido High School,서울특별시교육청,7338,서울특별시 영등포구 국제금융로7길 37,/ 여의도고등학교 (여의도동),070-8661-3005,http://yeouido.hs.kr,02-782-1279,남,일반고,N,일반계,,후기,주간,19721229,19730303,B10,서울특별시교육청,서울특별시,주간,일반계,일반학과,20230615,37.5249858,126.9338368
고등학교,공립,7010095,언남고등학교,Eonnam High School,서울특별시교육청,6780,서울 서초구 동산로13길 35,(양재동/언남고등학교),02-575-2680,http://eonnam.sen.hs.kr,02-579-7227,남여공학,일반고,N,일반계,,후기,주간,19860125,19860430,B10,서울특별시교육청,서울특별시,주간,일반계,자연과정,20230615,37.472583,127.042431
고등학교,공립,7010094,양재고등학교,Yangjae High School,서울특별시교육청,6750,서울특별시 서초구 남부순환로346길 9,(서초동/양재고등학교),02-571-4457,http://yangjae.sen.hs.kr,02-578-7507,남여공학,일반고,N,일반계,,후기,주간,19900120,19901123,B10,서울특별시교육청,서울특별시,주간,일반계,항공과,20230615,37.4827253,127.0325816
고등학교,공립,7010093,신목고등학교,Shinmok High School,서울특별시교육청,8018,서울특별시 양천구 안양천로 739,(신정동/신목고등학교),070-8720-5010,http://shinmok.hs.kr,02-2645-5902,남여공학,일반고,N,일반계,,후기,주간,19861217,19870528,B10,서울특별시교육청,서울특별시,주간,일반계,공통과정,20230615,37.5125704,126.8737632
고등학교,공립,7010092,신림고등학교,Sillim High School,서울특별시교육청,8772,서울특별시 관악구 문성로 119,/ 신림고등학교 (신림동),02-6219-8300,www.sillim.hs.kr,02-869-1466,남여공학,일반고,N,일반계,,후기,주간,19861217,19870506,B10,서울특별시교육청,서울특별시,주간,일반계,일반학과,20230615,37.478729,126.9170674
고등학교,공립,7010090,수도여자고등학교,Sudo Girls High School,서울특별시교육청,7062,서울특별시 동작구 여의대방로10길 73,/ 수도여자고등학교 (신대방동),02-2102-3506,http://www.sudo-gh.hs.kr,02-2102-3529,여,일반고,N,일반계,,후기,주간,19460610,19460610,B10,서울특별시교육청,서울특별시,주간,일반계,공통과정,20230615,37.4928154,126.915433
고등학교,공립,7010089,성동고등학교,Sungdong High School,서울특별시교육청,4579,서울특별시 중구 퇴계로90길 17,/ 성동고등학교 (신당동),02-2237-2412,http://www.sungdong.hs.kr,02-2237-5748,남,자율고,N,일반계,,후기,주간,19490824,19490824,B10,서울특별시교육청,서울특별시,주간,일반계,자연과정,20230615,37.5640199,127.0227128
고등학교,공립,7010088,석관고등학교,SEOKGWAN HIGH SCHOOL,서울특별시교육청,2782,서울특별시 성북구 한천로70길 30,/ 석관고등학교 (석관동),02-958-1000,http://www.seokgwan.hs.kr,02-962-5364,남여공학,일반고,N,일반계,,후기,주간,19821130,19830413,B10,서울특별시교육청,서울특별시,주간,일반계,직업과정,20230615,37.6098238,127.0665372
고등학교,공립,7010087,서초고등학교,Seocho High School,서울특별시교육청,6656,서울특별시 서초구 반포대로27길 29,(서초동),02-584-4234,http://seocho.sen.hs.kr,02-583-6035,남여공학,일반고,N,일반계,,후기,주간,19840112,19840418,B10,서울특별시교육청,서울특별시,주간,일반계,일반학과,20230615,37.4892257,127.0060444
고등학교,공립,7010086,서울체육고등학교,Seoul Physical Education High School,서울특별시교육청,5541,서울특별시 송파구 강동대로 232,/ 서울체육고등학교 (방이동),02-2140-9801,http://seoul-ph.sen.hs.kr,02-2203-9803,남여공학,특목고,N,일반계,체육계열,전기,주간,19710320,19710320,B10,서울특별시교육청,서울특별시,주간,체육계,체육과,20230615,37.5217213,127.1306006
고등학교,공립,7010085,서울여자고등학교,Seoul Girls` High School,서울특별시교육청,4140,서울특별시 마포구 백범로25길 34,/ 서울여자고등학교 (염리동),02-703-2211,http://seoulgs.sen.hs.kr,02-711-5667,여,자율고,N,일반계,,후기,주간,19580415,19580415,B10,서울특별시교육청,서울특별시,주간,일반계,일반학과,20230615,37.5480721,126.9482623
고등학교,공립,7010084,서울과학고등학교,Seoul Science High School,서울특별시교육청,3066,서울특별시 종로구 혜화로 63,(명륜1가),02-740-6299,http://www.sshs.hs.kr,02-741-1368,남여공학,특목고,N,일반계,과학계열,전기,주간,19880914,19880914,B10,서울특별시교육청,서울특별시,주간,과학계,과학과,20230615,37.5914871,126.998447
고등학교,공립,7010083,서울고등학교,Seoul High School,서울특별시교육청,6669,서울특별시 서초구 효령로 197,(서초동/서울고등학교),02-582-8151,http://seoul.sen.hs.kr,02-587-3933,남,일반고,N,일반계,,후기,주간,19460201,19460201,B10,서울특별시교육청,서울특별시,주간,일반계,체육과,20230615,37.4839032,127.0061036
고등학교,공립,7010082,상계고등학교,Sang-gye High School,서울특별시교육청,1761,서울특별시 노원구 노해로 432,(상계동/ 상계고등학교),02-6477-0700,http://sanggye.sen.hs.kr,02-933-9795,남,일반고,N,일반계,,후기,주간,19871215,19880428,B10,서울특별시교육청,서울특별시,주간,일반계,인문사회과정,20230615,37.6520835,127.0559739
고등학교,공립,7010081,삼성고등학교,Samsung High School,서울특별시교육청,8815,서울특별시 관악구 신림로 41,(신림동),02-871-7583,http://www.samsung.hs.kr,02-886-7251,남여공학,일반고,N,일반계,,후기,주간,19860112,19860112,B10,서울특별시교육청,서울특별시,주간,일반계,인문사회과정,20230615,37.4694813,126.943583
고등학교,공립,7010080,반포고등학교,Banpo High School,서울특별시교육청,6598,서울특별시 서초구 고무래로 71,(반포동/반포고등학교),02-2258-4300/4100,http://banpo.sen.hs.kr,02-2258-4242,남여공학,일반고,N,일반계,,후기,주간,19831226,19840426,B10,서울특별시교육청,서울특별시,주간,일반계,자연과정,20230615,37.5022984,127.0165824
고등학교,공립,7010079,무학여자고등학교,Muhak Girls’ High School,서울특별시교육청,4716,서울특별시 성동구 고산자로 197,무학여자고등학교,02-2200-1724,http://www.muhak.hs.kr,02-2299-5065,여,일반고,N,일반계,,후기,주간,19400330,19400420,B10,서울특별시교육청,서울특별시,주간,일반계,일반학과,20230615,37.5571707,127.0327994
고등학교,공립,7010078,명일여자고등학교,Myungil Girls’ High School,서울특별시교육청,5268,서울특별시 강동구 명일로 350,(명일동/명일여자고등학교),02-481-8192,http://www.myungil.hs.kr,02-481-8197,여,일반고,N,일반계,,후기,주간,19841217,19850508,B10,서울특별시교육청,서울특별시,주간,일반계,인문사회과정(여),20230615,37.5499894,127.1503703
고등학교,공립,7010077,면목고등학교,Myeonmok High School,서울특별시교육청,2193,서울특별시 중랑구 용마산로72길 36-14,(면목동/면목고등학교),02-435-0002,http://mmhs.sen.hs.kr,02-435-0774,남,자율고,N,일반계,,후기,주간,19821130,19830420,B10,서울특별시교육청,서울특별시,주간,일반계,공통과정(남),20230615,37.5843416,127.0965972
고등학교,공립,7010076,둔촌고등학교,Doonchon High School,서울특별시교육청,5367,서울특별시 강동구 명일로 140,(둔촌동/둔촌고등학교),02-485-9873,https://doonchon.sen.hs.kr/,02-485-9874,남여공학,일반고,N,일반계,,후기,주간,19970115,19970412,B10,서울특별시교육청,서울특별시,주간,일반계,인문사회과정,20230615,37.5312042,127.1441557
고등학교,공립,7010075,동작고등학교,Dongjak High School,서울특별시교육청,7031,서울특별시 동작구 솔밭로 51,(사당동/동작고등학교(복합정보센타)),02-588-4196,http://dongjak.sen.hs.kr,02-523-3410,남여공학,일반고,N,일반계,,후기,주간,19911023,19910501,B10,서울특별시교육청,서울특별시,주간,일반계,일반학과,20230615,37.4820915,126.9651576
고등학교,공립,7010074,대영고등학교,Daeyeong High School,서울특별시교육청,7397,서울특별시 영등포구 도림로86길 16,(신길동/ 대영고등학교),02-847-2019,http://www.dy.hs.kr,02-845-3496,남여공학,자율고,N,일반계,,후기,주간,19871215,19871215,B10,서울특별시교육청,서울특별시,주간,일반계,기계과,20230615,37.5036477,126.9062112
고등학교,공립,7010073,당곡고등학교,Dang-gok High School,서울특별시교육청,8712,서울특별시 관악구 봉천로21길 108,/ 당곡고등학교 (봉천동),02-6717-5200,http://www.danggok.hs.kr,02-873-4617,남여공학,자율고,N,일반계,,후기,주간,19831226,19840501,B10,서울특별시교육청,서울특별시,주간,일반계,인문사회과정,20230615,37.4917203,126.9346719
고등학교,공립,7010072,금천고등학교,Geumcheon High School,서울특별시교육청,8650,서울특별시 금천구 시흥대로38길 26,(시흥동/금천고등학교),02-896-3181,http://Geumcheon.sen.hs.kr,02-808-3186,남여공학,일반고,N,일반계,,후기,주간,19831208,19850506,B10,서울특별시교육청,서울특별시,주간,일반계,일반학과,20230615,37.4449608,126.9056905
고등학교,공립,7010071,금옥여자고등학교,Geumok Girls High School,서울특별시교육청,8080,서울특별시 양천구 신정로 213,(신정동),02-2086-7502,http://www.geumok.hs.kr,02-2086-7575,여,일반고,N,일반계,,후기,주간,19810115,19810503,B10,서울특별시교육청,서울특별시,주간,일반계,자연과정,20230615,37.5108058,126.8451826
고등학교,공립,7010069,구일고등학교,Guil High School,서울특별시교육청,8324,서울특별시 구로구 구일로 90-51,(구로동),02-858-2549,http://www.guil.hs.kr,02-867-2826,남여공학,일반고,N,일반계,,후기,주간,19900120,19900120,B10,서울특별시교육청,서울특별시,주간,일반계,공통과정,20230615,37.493954,126.8739432
고등학교,공립,7010068,구로고등학교,Guro High School,서울특별시교육청,8299,서울특별시 구로구 가마산로27길 45,/ 구로고등학교 (구로동),02-851-2065,http://guro.hs.kr,02-851-9826,남여공학,일반고,N,일반계,,후기,주간,19811231,19820424,B10,서울특별시교육청,서울특별시,주간,일반계,공통과정,20230615,37.4985227,126.8901298
고등학교,공립,7010067,광양고등학교,Gwangyang High School,서울특별시교육청,5104,서울특별시 광진구 자양로3가길 31,(자양동),02-446-1435,http://www.gwangyang.hs.kr,02-458-9715,남여공학,자율고,N,일반계,,후기,주간,19861215,19880420,B10,서울특별시교육청,서울특별시,주간,일반계,공통과정,20230615,37.529155,127.0855771
고등학교,공립,7010066,광남고등학교,Gwangnam High School,서울특별시교육청,4973,서울특별시 광진구 아차산로70길 17-16,/ 광남고등학교 (광장동/ 광남고등학교),02-2204-8705,http://www.gwang-nam.hs.kr,02-458-7043,남여공학,일반고,N,일반계,,후기,주간,19860125,19860513,B10,서울특별시교육청,서울특별시,주간,일반계,인문사회과정,20230615,37.5412056,127.1021243
고등학교,공립,7010065,관악고등학교,kwanak high school,서울특별시교육청,7278,서울특별시 영등포구 영등포로6길 26,(양평동2가),02-2633-5954,http://kwan-ak.hs.kr,02-2632-9358,남여공학,일반고,N,일반계,,후기,주간,19550427,19730427,B10,서울특별시교육청,서울특별시,주간,일반계,공통과정,20230615,37.5214665,126.882963
고등학교,공립,7010064,공항고등학교,Konghang High School,서울특별시교육청,7597,서울특별시 강서구 방화대로34길 43,(마곡동/ 공항고등학교),02-2664-6874,http://www.konghang.hs.kr,02-6309-3919,남여공학,일반고,N,일반계,,후기,주간,19821130,19830412,B10,서울특별시교육청,서울특별시,주간,일반계,일반학과,20230615,37.5702038,126.8186213
고등학교,공립,7010063,고척고등학교,Gocheok High School,서울특별시교육청,8239,서울특별시 구로구 중앙로15길 162,/ 고척고등학교 (고척동/ 고척고등학교),02-2616-9813,http://gocheok.sen.hs.kr,02-2615-7802,남여공학,자율고,N,일반계,,후기,주간,19841215,19841217,B10,서울특별시교육청,서울특별시,주간,일반계,자연과정,20230615,37.5086723,126.8509534
고등학교,공립,7010062,경복고등학교,Kyungbock High School,서울특별시교육청,3047,서울특별시 종로구 자하문로28가길 9,/ 경복고등학교 (청운동/경복고등학교),02-397-5301,http://kyungbock.sen.hs.kr,02-736-0422,남,일반고,N,일반계,,후기,주간,19210502,19210502,B10,서울특별시교육청,서울특별시,주간,일반계,전자계산과,20230615,37.5868704,126.9715432
고등학교,공립,7010061,경동고등학교,Kyungdong High School,서울특별시교육청,2870,서울특별시 성북구 보문로29길 49,(삼선동3가/ 경동고등학교),02-928-2353,www.kyungdong.hs.kr,02-926-7525,남,자율고,N,일반계,,후기,주간,19400416,19400416,B10,서울특별시교육청,서울특별시,주간,일반계,공통과정,20230615,37.5858222,127.0148089
고등학교,공립,7010060,경기여자고등학교,Kyunggi Girls’High School,서울특별시교육청,6324,서울특별시 강남구 삼성로 29,/ 경기여자고등학교 (개포동),02-573-6797,http://www.kgg.hs.kr,02-575-1157,여,일반고,N,일반계,,후기,주간,19080401,19080401,B10,서울특별시교육청,서울특별시,주간,일반계,인문사회과정,20230615,37.4865641,127.0659436
고등학교,공립,7010059,경기고등학교,Kyunggi High School,서울특별시교육청,6086,서울특별시 강남구 영동대로 643,/ 경기고등학교 (삼성동),02-3496-7300,http://kyunggi.hs.kr/,02-3496-7497,남,일반고,N,일반계,,후기,주간,19001003,19001003,B10,서울특별시교육청,서울특별시,주간,일반계,자연과정,20230615,37.5179343,127.0567052
고등학교,공립,7010058,개포고등학교,Gaepo High School,서울특별시교육청,6324,서울특별시 강남구 개포로 402,(개포동/ 개포고등학교),02-576-3333,http://www.gaepo.hs.kr,02-571-6560,남여공학,일반고,N,일반계,,후기,주간,19870512,19870512,B10,서울특별시교육청,서울특별시,주간,일반계,자연과정,20230615,37.484974,127.0592235
고등학교,공립,7010057,가락고등학교,Garak High School,서울특별시교육청,5678,서울특별시 송파구 송이로 42,(송파동/가락고등학교),02-416-4658,http://garak.sen.hs.kr,02-421-9669,남여공학,일반고,N,일반계,,후기,주간,19881223,19890428,B10,서울특별시교육청,서울특별시,주간,일반계,일반학과,20230615,37.5017999,127.1173812
고등학교,국립,1371663,국립전통예술고등학교,NATIONAL HIGH SCHOOL OF TRADITIONAL KOREAN ARTS,교육부,8650,서울특별시 금천구 시흥대로38길 62,(시흥동),02-896-1094,http://kugak-am.hs.kr,02-896-1096,남여공학,특목고,N,일반계,예술계열,전기,주간,19600513,19600513,B10,서울특별시교육청,서울특별시,주간,예술계,성악과,20230615,,
고등학교,국립,1371661,국립국악고등학교,Gugak National High School,교육부,6311,서울특별시 강남구 개포로22길 65,(개포동/ 국악고등학교),02-3460-0500,http://gugak.sen.hs.kr,02-3460-0555,남여공학,특목고,N,일반계,예술계열,전기,주간,19550401,19720909,B10,서울특별시교육청,서울특별시,주간,예술계,무용과,20230615,37.4761416,127.0513079
